name	guideSeq	otSeq	guideGc	readFraction	mismatches	otScore	diffLogo
Frock_VEGFA	GGGTGGGGGGAGTTTGCTCCTGG	GGGTGAGGGGAATAAACTCCAGG	69	0.00324082760503	5	0.00178592956341	.....*.....*.***....
Frock_RAG1A	GCCTCTTTCCCACCCACCTTGGG	GCCTCTTTACCACCTCACCTTGG	65	0.0189194920246	5	0.00298380250444	........*.....***.*.
Frock_RAG1A	GCCTCTTTCCCACCCACCTTGGG	GCCTCTCCCCACCCACCCTTGGC	65	0.0100134297764	6	0.0049859938487	......**..**..**....
Tsai_VEGFA_site3	GGTGAGTGAGTGTGTGCGTGTGG	GGTGTGTGGGTGGGGGTGTGTGG	60	0.000218359682068	5	0.0223400015393	....*...*...*.*.*...
Frock_VEGFA	GGGTGGGGGGAGTTTGCTCCTGG	GGGCAGAGGGAGTTAGCACCGGG	69	0.00678015248947	5	0.0328508846265	...**.*.......*..*..
Frock_RAG1A	GCCTCTTTCCCACCCACCTTGGG	ACCTTGTCCCCACCCACCAGGGG	65	0.00143722168555	6	0.0505329894578	*...**.*..........**
Frock_VEGFA	GGGTGGGGGGAGTTTGCTCCTGG	AAGTGGGAGGAGACTGCTCCAGG	69	0.00153512886554	5	0.0527998554217	**.....*....**......
Frock_VEGFA	GGGTGGGGGGAGTTTGCTCCTGG	GGTGGGGGAGAGCTAGCTCCGGG	69	0.00205536698108	5	0.0572136143318	..**....*...*.*.....
Tsai_VEGFA_site1	GGGTGGGGGGAGTTTGCTCCTGG	GGTGGGGGAGAGCTAGCTCCGGG	69	0.000994125621329	5	0.0572136143318	..**....*...*.*.....
Frock_RAG1A	GCCTCTTTCCCACCCACCTTGGG	ACCCCTTCCCCACTCACCTCCGG	65	0.00735103550644	5	0.0597735189873	*..*...*.....*.....*
Frock_VEGFA	GGGTGGGGGGAGTTTGCTCCTGG	AGCTGAGGGGAGCTTGCTCTGGG	69	0.0104985757416	5	0.0926116902547	*.*..*......*......*
Frock_RAG1A	GCCTCTTTCCCACCCACCTTGGG	ACCTCCATCCTCCCCACCTTGGG	65	0.00362839573074	5	0.098566311269	*....**...**........
Frock_RAG1A	GCCTCTTTCCCACCCACCTTGGG	TGCTCTTCCCCACCCACCCAAGG	65	0.00428810404543	5	0.126366835443	**.....*..........**
Kim/Hap1_VEGFA	GGGTGGGGGGAGTTTGCTCCTGG	CCCGGGGGGAAGCTTGCTCCAGG	69	0.00021	6	0.21319615	****.....*..*.......
Kim/K562_VEGFA	GGGTGGGGGGAGTTTGCTCCTGG	CCCGGGGGGAAGCTTGCTCCAGG	69	0.0001	6	0.21319615	****.....*..*.......
Frock_RAG1A	GCCTCTTTCCCACCCACCTTGGG	GGCTCCTCCTCACCCACCTCTGG	65	0.00336922460712	5	0.223530896962	.*...*.*.*.........*
Frock_VEGFA	GGGTGGGGGGAGTTTGCTCCTGG	AAGTGGGAAGAGTTTGTTCCAGG	69	0.00252443413444	5	0.226302025316	**.....**.......*...
Tsai_HEK293_sgRNA1	GGGAAAGACCCAGCATCCGTGGG	CAAGAAGACCCAGCTTCCGTAGG	65	0.00405363267852	5	0.241962024096	****..........*.....
Frock_VEGFA	GGGTGGGGGGAGTTTGCTCCTGG	AGGAAGGAGGAGTTAGCTCCTGG	69	0.0142084704999	5	0.245397590361	*..**..*......*.....
Frock_VEGFA	GGGTGGGGGGAGTTTGCTCCTGG	AGGAAGGAGGAGTTAGCTCCTGG	69	0.00485271291385	5	0.245397590361	*..**..*......*.....
Frock_VEGFA	GGGTGGGGGGAGTTTGCTCCTGG	AGGAAGGAGGAGTTAGCTCCTGG	69	0.00470772852099	5	0.245397590361	*..**..*......*.....
Tsai_VEGFA_site1	GGGTGGGGGGAGTTTGCTCCTGG	AGGAAGGAGGAGTTAGCTCCTGG	69	0.000632625395391	5	0.245397590361	*..**..*......*.....
Tsai_VEGFA_site1	GGGTGGGGGGAGTTTGCTCCTGG	AGGAAGGAGGAGTTAGCTCCTGG	69	0.000361500225938	5	0.245397590361	*..**..*......*.....
Frock_RAG1A	GCCTCTTTCCCACCCACCTTGGG	CACCCTTCCCCACCCACCCTGGG	65	0.00534834955116	5	0.303037974684	**.*...*..........*.
Frock_VEGFA	GGGTGGGGGGAGTTTGCTCCTGG	AGGTAGGAGAAGCTTGCTCCTGA	69	0.00208948095587	5	0.326366891566	*...*..*.*..*.......
Wang_WAS-CR4	TGGATGGAGGAATGAGGAGTTGG	GAGGATGGGGAATGAGGAGTAGG	52	0.0118	6	0.350885225885	**.***.*............
Frock_VEGFA	GGGTGGGGGGAGTTTGCTCCTGG	CTGGTGGGGGAGCTTGCTCCAGG	69	0.0153854026302	5	0.354361445783	**.**.......*.......
Tsai_VEGFA_site1	GGGTGGGGGGAGTTTGCTCCTGG	CTGGTGGGGGAGCTTGCTCCAGG	69	0.0292815183009	5	0.354361445783	**.**.......*.......
Frock_VEGFA	GGGTGGGGGGAGTTTGCTCCTGG	AGGGAGGAGGAATTTGCTCCAGG	69	0.00849437972265	5	0.429793103448	*..**..*...*........
Frock_VEGFA	GGGTGGGGGGAGTTTGCTCCTGG	AAGTAAGGGAAGTTTGCTCCTGG	69	0.00521090964914	5	0.486753793103	**..**...*..........
Tsai_VEGFA_site1	GGGTGGGGGGAGTTTGCTCCTGG	AAGTAAGGGAAGTTTGCTCCTGG	69	0.000451875282422	5	0.486753793103	**..**...*..........
