name	guideSeq	guideSpecScore4MM	otSeq	guideGc	readFraction	mismatches	otScore	diffLogo	bulgeRnaMmCount	bulgeRnaGuideSeq	bulgeRnaOtSeq	bulgeDnaMmCount	bulgeDnaGuideSeq	bulgeDnaOtSeq	guideOtSum
Frock_RAG1B	GACTTGTTTTCATTGTTCTCAGG	24	TCCTTGTTTTCATTGTTCTCTGG	35	0.885586742494	2	5.21978021978	**..................	-1			-1			1.0
Kim16_VEGFA2	GACCCCCTCCACCCCGCCTCCGG	29	CTCCCCACCCACCCCGCCTCAGG	80	0.691	4	0.932255747126	**....**............	1			1			0.691
Cho_ccr5-7	AACACCAGTGAGTAGAGCGGAGG	48	AACACCAGCGAGTAGAGCGGAGG	55	0.42731	1	61.1	........*...........	-2			-2			0.42847
Frock_EMX	GAGTCCGAGCAGAAGAAGAAGGG	22	GAGTCTAAGCAGAAGAAGAAGAG	50	0.317464840673	2	2.15689148352	.....**.............	-1			-1			0.77161104313
Cho_ccr5-6	ATGAACACCAGTGAGTAGAGCGG	34	ATGAACACCAGCGAGTAGAGCGG	45	0.29448	1	49.2	...........*........	-2			-2			0.29448
Tsai_VEGFA_site1	GGGTGGGGGGAGTTTGCTCCTGG	41	GGATGGAGGGAGTTTGCTCCTGG	70	0.29254405784	2	4.04915253165	..*...*.............	-1			-1			0.754360596475
Tsai_EMX1	GAGTCCGAGCAGAAGAAGAAGGG	22	GAGTTAGAGCAGAAGAAGAAAGG	50	0.283265306122	2	3.15796703297	....**..............	-1			-1			0.587936507936
Tsai_FANCF	GGAATCCCTTCTGCAGCACCTGG	41	GGAACCCCGTCTGCAGCACCAGG	60	0.263230499122	2	3.67373417722	....*...*...........	-1			-1			0.395535490344
Tsai_HEK293_sgRNA1	GGGAAAGACCCAGCATCCGTGGG	71	GGGAAAGTCCCAGCATCCTTTGG	60	0.243529778609	2	2.93382352941	.......*..........*.	-1			-1			0.383224197069
Frock_EMX	GAGTCCGAGCAGAAGAAGAAGGG	22	GAGTTAGAGCAGAAGAAGAAAGG	50	0.201367819367	2	3.15796703297	....**..............	-1			-1			0.77161104313
Frock_RAG1A	GCCTCTTTCCCACCCACCTTGGG	33	ACCCCTTCCCCACCTACCTTGGG	60	0.18184388474	4	0.402848101266	*..*...*......*.....	1			1			1.0
Hsu_EMX1.3	GAGTCCGAGCAGAAGAAGAAGGG	22	GAGTCTAAGCAGAAGAAGAAGAG	50	0.180153317	2	2.15689148352	.....**.............	-1			-1			0.289246022
Tsai_VEGFA_site1	GGGTGGGGGGAGTTTGCTCCTGG	41	TAGTGGAGGGAGCTTGCTCCTGG	70	0.174875734297	4	0.397317958861	**....*.....*.......	1			1			0.754360596475
Frock_RAG1A	GCCTCTTTCCCACCCACCTTGGG	33	TCCTCCTCCCCACCCACCTTCAG	60	0.174516410244	3	1.53882195448	*....*.*............	0			0			1.0
Ran_EMX1-sg1	GCCTCCCCAAAGCCTGGCCAGGG	23	ACCTCCCCATAGCCTGGCCAGGG	70	0.1714	2	7.41483050847	*........*..........	-1			-1			0.288
Frock_VEGFA	GGGTGGGGGGAGTTTGCTCCTGG	41	GGATGGAGGGAGTTTGCTCCTGG	70	0.150289115936	2	4.04915253165	..*...*.............	-1			-1			0.837736878911
Frock_VEGFA	GGGTGGGGGGAGTTTGCTCCTGG	41	TAGTGGAGGGAGCTTGCTCCTGG	70	0.141470653453	4	0.397317958861	**....*.....*.......	1			1			0.837736878911
Tsai_VEGFA_site3	GGTGAGTGAGTGTGTGCGTGTGG	6	AGTGAGTGAGTGTGTGTGTGGGG	60	0.136474801293	2	5.89919354839	*...............*...	-1			-1			0.882391475239
Tsai_EMX1	GAGTCCGAGCAGAAGAAGAAGGG	22	GAGTCTAAGCAGAAGAAGAAGAG	50	0.131065759637	2	2.15689148352	.....**.............	-1			-1			0.587936507936
Frock_VEGFA	GGGTGGGGGGAGTTTGCTCCTGG	41	GGGGAGGGGAAGTTTGCTCCTGG	70	0.116149555665	3	2.34257028112	...**....*..........	0			0			0.837736878911
Ran_EMX1-sg1	GCCTCCCCAAAGCCTGGCCAGGG	23	TCCTCCCCACAGCCTGGCCAGGG	70	0.1156	2	7.41483050847	*........*..........	-1			-1			0.288
Tsai_HEK293_sgRNA3	GGCCCAGACTGAGCACGTGATGG	60	CACCCAGACTGAGCACGTGCTGG	65	0.114535901926	3	1.49209039548	**.................*	0			0			0.27285464098
Frock_RAG1B	GACTTGTTTTCATTGTTCTCAGG	24	CATTTGTTTTCATTGTTCTCTGG	35	0.114413257506	2	5.38333333333	*.*.................	-1			-1			1.0
Tsai_VEGFA_site3	GGTGAGTGAGTGTGTGCGTGTGG	6	AGAGAGTGAGTGTGTGCATGAGG	60	0.111756485283	3	0.647595061728	*.*..............*..	0			0			0.882391475239
Tsai_HEK293_sgRNA3	GGCCCAGACTGAGCACGTGATGG	60	GACACAGACCGGGCACGTGAGGG	65	0.107180385289	4	0.648306325301	.*.*.....*.*........	1			1			0.27285464098
Tsai_VEGFA_site3	GGTGAGTGAGTGTGTGCGTGTGG	6	TGTGGGTGAGTGTGTGCGTGAGG	60	0.0960782601101	2	6.01265822785	*...*...............	-1			-1			0.882391475239
Frock_RAG1A	GCCTCTTTCCCACCCACCTTGGG	33	CCCTCCTTCCCACCCACTTTGGG	60	0.0953278514714	3	0.397358024691	*....*...........*..	0			0			1.0
Frock_RAG1A	GCCTCTTTCCCACCCACCTTGGG	33	TCCTCTCTCCCACCCACCTCCGG	60	0.0946917041679	3	1.01909774011	*.....*............*	0			0			1.0
Tsai_VEGFA_site3	GGTGAGTGAGTGTGTGCGTGTGG	6	GCTGAGTGAGTGTATGCGTGTGG	60	0.0872128570181	2	1.50585106383	.*...........*......	-1			-1			0.882391475239
Tsai_HEK293_sgRNA1	GGGAAAGACCCAGCATCCGTGGG	71	GGGAAAAGCCCAGCATCCCTTGG	60	0.0826317430621	3	0.639711267606	......**..........*.	0			0			0.383224197069
Hsu_EMX1.3	GAGTCCGAGCAGAAGAAGAAGGG	22	GAGTCCTAGCAGGAGAAGAAGAG	50	0.077820488	2	1.76834471831	......*.....*.......	-1			-1			0.289246022
Frock_EMX	GAGTCCGAGCAGAAGAAGAAGGG	22	AAGTCTGAGCACAAGAAGAATGG	50	0.0778114890122	3	0.837857777778	*....*.....*........	0			0			0.77161104313
Tsai_VEGFA_site1	GGGTGGGGGGAGTTTGCTCCTGG	41	GGGGAGGGGAAGTTTGCTCCTGG	70	0.0740171712607	3	2.34257028112	...**....*..........	0			0			0.754360596475
Kim16_VEGFA1	GGGTGGGGGGAGTTTGCTCCAGG	41	TTGGGGGGGCAGTTTGCTCCTGG	70	0.0719	4	1.31769578313	**.*.....*..........	1			1			0.0847
Wang_WAS-CR4	TGGATGGAGGAATGAGGAGTTGG	12	GGGAGGGAGGAATGAGGAGTGGG	50	0.0714	2	6.01265822785	*...*...............	-1			-1			0.2747
Tsai_VEGFA_site3	GGTGAGTGAGTGTGTGCGTGTGG	6	GGTGAGTGAGTGCGTGCGGGTGG	60	0.067036422395	2	0.815561619718	............*.....*.	-1			-1			0.882391475239
Tsai_FANCF	GGAATCCCTTCTGCAGCACCTGG	41	GGAGTCCCTCCTACAGCACCAGG	60	0.0657135690996	3	0.95247721519	...*.....*..*.......	0			0			0.395535490344
Wang_WAS-CR4	TGGATGGAGGAATGAGGAGTTGG	12	GGGATGGAGGGATGAGGAGTGGG	50	0.0646	2	4.79318181818	*.........*.........	-1			-1			0.2747
Tsai_EMX1	GAGTCCGAGCAGAAGAAGAAGGG	22	GAGGCCGAGCAGAAGAAAGACGG	50	0.0634920634921	3	0.194537313433	...*.............**.	0			0			0.587936507936
Tsai_VEGFA_site3	GGTGAGTGAGTGTGTGCGTGTGG	6	GTTGAGTGAATGTGTGCGTGAGG	60	0.0627565726264	2	6.94404761905	.*.......*..........	-1			-1			0.882391475239
Wang_WAS-CR4	TGGATGGAGGAATGAGGAGTTGG	12	TGGATGGAGGGATGAGGAGTGGG	50	0.0627	1	55.5	..........*.........	-2			-2			0.2747
Frock_VEGFA	GGGTGGGGGGAGTTTGCTCCTGG	41	GGGAGGGTGGAGTTTGCTCCTGG	70	0.0616354239514	2	6.01265822785	...*...*............	-1			-1			0.837736878911
Frock_RAG1A	GCCTCTTTCCCACCCACCTTGGG	33	ACGTCTTCCCCACCCACCTGGGG	60	0.0585255519167	4	0.687682922535	*.*....*...........*	1			1			1.0
Tsai_VEGFA_site3	GGTGAGTGAGTGTGTGCGTGTGG	6	AGTGAATGAGTGTGTGTGTGTGG	60	0.057428596384	3	0.780524691358	*....*..........*...	0			0			0.882391475239
Frock_RAG1A	GCCTCTTTCCCACCCACCTTGGG	33	ACTTCCTTCCCACCCACCTTCAG	60	0.0564993049502	3	1.44751851852	*.*..*..............	0			0			1.0
Frock_VEGFA	GGGTGGGGGGAGTTTGCTCCTGG	41	CGGGGGAGGGAGTTTGCTCCTGG	70	0.0563136438842	3	1.73721552878	*..*..*.............	0			0			0.837736878911
Tsai_HEK293_sgRNA2	GAACACAAAGCATAGACTGCGGG	39	GAACACAATGCATAGATTGCCGG	45	0.0558375634518	2	1.77359722222	........*.......*...	-1			-1			0.0580936266216
Kim/Hap1_VEGFA	GGGTGGGGGGAGTTTGCTCCTGG	41	GGATGGAGGGAGTTTGCTCCTGG	70	0.05456	2	4.04915253165	..*...*.............	-1			-1			0.06354
Tsai_VEGFA_site1	GGGTGGGGGGAGTTTGCTCCTGG	41	GGGAGGGTGGAGTTTGCTCCTGG	70	0.0539539087212	2	6.01265822785	...*...*............	-1			-1			0.754360596475
Frock_RAG1A	GCCTCTTTCCCACCCACCTTGGG	33	TCCTCTTCTCCACCCACCTCTGG	60	0.0532950074217	4	0.426140228873	*......**..........*	1			1			1.0
Tsai_VEGFA_site3	GGTGAGTGAGTGTGTGCGTGTGG	6	TGTGAGTAAGTGTGTGTGTGTGG	60	0.051096165604	3	1.29012345679	*......*........*...	0			0			0.882391475239
Frock_EMX	GAGTCCGAGCAGAAGAAGAAGGG	22	GAGGCCGAGCAGAAGAAAGACGG	50	0.0508071140017	3	0.194537313433	...*.............**.	0			0			0.77161104313
Frock_EMX	GAGTCCGAGCAGAAGAAGAAGGG	22	AAGCCCGAGCAAAGGAAGAAAGG	50	0.0477395779204	4	0.110193987342	*..*.......*.*......	1			1			0.77161104313
Tsai_HEK293_sgRNA3	GGCCCAGACTGAGCACGTGATGG	60	AGCTCAGACTGAGCAAGTGAGGG	65	0.0476357267951	3	0.541956882255	*..*...........*....	0			0			0.27285464098
Frock_RAG1A	GCCTCTTTCCCACCCACCTTGGG	33	GTCTCTTTCTCACCCACTTTGGG	60	0.0450957755107	3	0.604903703704	.*.......*.......*..	0			0			1.0
Frock_VEGFA	GGGTGGGGGGAGTTTGCTCCTGG	41	GGGTGGGGGGAGTTTGCCCCAGG	70	0.0418237330923	1	19.6	.................*..	-2			-2			0.837736878911
Frock_RAG1A	GCCTCTTTCCCACCCACCTTGGG	33	CACCCTTTCCCATCCACCTTTGG	60	0.0413966967462	4	0.581724683544	**.*........*.......	1			1			1.0
Tsai_HEK293_sgRNA1	GGGAAAGACCCAGCATCCGTGGG	71	GGGAAGGACCCAGCATCCTGGGG	60	0.0361708762083	3	0.250402276119	.....*............**	0			0			0.383224197069
Tsai_EMX1	GAGTCCGAGCAGAAGAAGAAGGG	22	GAGTCCTAGCAGGAGAAGAAGAG	50	0.0353741496599	2	1.76834471831	......*.....*.......	-1			-1			0.587936507936
Frock_RAG1A	GCCTCTTTCCCACCCACCTTGGG	33	GCCTCTTCCACACCCACCCTGGG	60	0.0351059067455	3	0.81662	.......*.*........*.	0			0			1.0
Tsai_VEGFA_site3	GGTGAGTGAGTGTGTGCGTGTGG	6	ACTGTGTGAGTGTGTGCGTGAGG	60	0.0347628613853	3	2.42656449553	**..*...............	0			0			0.882391475239
Tsai_VEGFA_site3	GGTGAGTGAGTGTGTGCGTGTGG	6	AGCGAGTGGGTGTGTGCGTGGGG	60	0.0345008297668	3	1.60991195499	*.*.....*...........	0			0			0.882391475239
Tsai_VEGFA_site1	GGGTGGGGGGAGTTTGCTCCTGG	41	CGGGGGAGGGAGTTTGCTCCTGG	70	0.0338906461817	3	1.73721552878	*..*..*.............	0			0			0.754360596475
Wang_WAS-CR4	TGGATGGAGGAATGAGGAGTTGG	12	AGGAGGGAGGAATGGGGAGTTGG	50	0.0333	3	0.844444444444	*...*.........*.....	0			0			0.2747
Frock_VEGFA	GGGTGGGGGGAGTTTGCTCCTGG	41	GTGGGGGTAGAGTTTGCTCCAGG	70	0.0330052706091	4	0.833979885057	.*.*...**...........	1			1			0.837736878911
Tsai_VEGFA_site3	GGTGAGTGAGTGTGTGCGTGTGG	6	AGTGTGTGAGTGTGTGCGTGTGG	60	0.0299589483798	2	6.01265822785	*...*...............	-1			-1			0.882391475239
Tsai_VEGFA_site1	GGGTGGGGGGAGTTTGCTCCTGG	41	CTGGTGGGGGAGCTTGCTCCAGG	70	0.0292815183009	5	0.354361445783	**.**.......*.......	2			2			0.754360596475
Hsu_EMX1.1	GTCACCTCCAATGACTAGGGTGG	68	GCTACCTCCAGTGACTAGGGAAG	55	0.029040975	3	1.46235864979	.**.......*.........	0			0			0.029040975
Frock_VEGFA	GGGTGGGGGGAGTTTGCTCCTGG	41	GAGGGGGAGCAGTTTGCTCCAGG	70	0.0285448684053	4	1.25711206897	.*.*...*.*..........	1			1			0.837736878911
Kim/K562_VEGFA	GGGTGGGGGGAGTTTGCTCCTGG	41	GGATGGAGGGAGTTTGCTCCTGG	70	0.02824	2	4.04915253165	..*...*.............	-1			-1			0.03152
Tsai_VEGFA_site3	GGTGAGTGAGTGTGTGCGTGTGG	6	TGTGGGTGAGTGTGTGCGTGAGA	60	0.028081055114	2	6.01265822785	*...*...............	-1			-1			0.882391475239
Cho_ccr5-8	CCAGTGAGTAGAGCGGAGGCAGG	37	CCAGCGAGTAGAGCGGAGGCAGG	65	0.02755	1	100.0	....*...............	-2			-2			0.02755
Frock_EMX	GAGTCCGAGCAGAAGAAGAAGGG	22	GAGTCCTAGCAGGAGAAGAAGAG	50	0.0274066748244	2	1.76834471831	......*.....*.......	-1			-1			0.77161104313
Hsu_EMX1.3	GAGTCCGAGCAGAAGAAGAAGGG	22	GAGGCCGAGCAGAAGAAAGACGG	50	0.0245892	3	0.194537313433	...*.............**.	0			0			0.289246022
Tsai_EMX1	GAGTCCGAGCAGAAGAAGAAGGG	22	AAGTCTGAGCACAAGAAGAATGG	50	0.0234013605442	3	0.837857777778	*....*.....*........	0			0			0.587936507936
Tsai_VEGFA_site1	GGGTGGGGGGAGTTTGCTCCTGG	41	GGGTGGGGGGAGTTTGCCCCAGG	70	0.0225033890646	1	19.6	.................*..	-2			-2			0.754360596475
Tsai_VEGFA_site1	GGGTGGGGGGAGTTTGCTCCTGG	41	GCGTGGGGGGTGTTTGCTCCCGG	70	0.0222322638952	2	4.46822033898	.*........*.........	-1			-1			0.754360596475
Tsai_VEGFA_site1	GGGTGGGGGGAGTTTGCTCCTGG	41	GTGGGGGTAGAGTTTGCTCCAGG	70	0.0217803886127	4	0.833979885057	.*.*...**...........	1			1			0.754360596475
Tsai_EMX1	GAGTCCGAGCAGAAGAAGAAGGG	22	GAGTCCGGGAAGGAGAAGAAAGG	50	0.0195918367347	3	0.864893103448	.......*.*..*.......	0			0			0.587936507936
Frock_RAG1A	GCCTCTTTCCCACCCACCTTGGG	33	GCCTCTTTACCACCTCACCTTGG	60	0.0189194920246	5	0.00298380250444	........*.....***.*.	2			1	GCCTCTTTCCCACCCACCTTGG	GCCTCTTTACCACC(T)CACCTTGG	1.0
Tsai_FANCF	GGAATCCCTTCTGCAGCACCTGG	41	AGAGGCCCCTCTGCAGCACCAGG	60	0.0188111361926	4	0.833979885057	*..**...*...........	1			1			0.395535490344
Frock_RAG1A	GCCTCTTTCCCACCCACCTTGGG	33	TTCTCTTCCCCACCCACCTTTGA	60	0.0185425158448	3	2.54350736278	**.....*............	0			0			1.0
Cho_ccr5-4	AAATGAGAAGAAGAGGCACAGGG	10	AAACGAGAAGAAGAGGCATAGGG	40	0.01824	2	4.275	...*..............*.	-1			-1			0.01824
Frock_RAG1A	GCCTCTTTCCCACCCACCTTGGG	33	TCCTCTTCTCCACCCACCATAGG	60	0.0181184176425	4	0.321904489437	*......**.........*.	1			1			1.0
Frock_VEGFA	GGGTGGGGGGAGTTTGCTCCTGG	41	GCGTGGGGGGTGTTTGCTCCCGG	70	0.0164855783172	2	4.46822033898	.*........*.........	-1			-1			0.837736878911
Cho_ccr5-5	CCTGCCTCCGCTCTACTCACTGG	43	CCTGCCTCCGCTCTACTCGCTGG	65	0.01637	1	31.5	..................*.	-2			-2			0.01637
Tsai_FANCF	GGAATCCCTTCTGCAGCACCTGG	41	ACCATCCCTCCTGCAGCACCAGG	60	0.0156759468272	4	1.29924804217	***......*..........	1			1			0.395535490344
Frock_VEGFA	GGGTGGGGGGAGTTTGCTCCTGG	41	CTGGTGGGGGAGCTTGCTCCAGG	70	0.0153854026302	5	0.354361445783	**.**.......*.......	2			2			0.837736878911
Frock_VEGFA	GGGTGGGGGGAGTTTGCTCCTGG	41	AGGAAGGAGGAGTTAGCTCCTGG	70	0.0142084704999	5	0.245397590361	*..**..*......*.....	2			2			0.837736878911
Frock_RAG1A	GCCTCTTTCCCACCCACCTTGGG	33	GTCTCTTTCCCATCCACCTTTGA	60	0.0141601677544	2	3.60441176471	.*..........*.......	-1			-1			1.0
Frock_EMX	GAGTCCGAGCAGAAGAAGAAGGG	22	GAGTCCGGGAAGGAGAAGAAAGG	50	0.0135943812126	3	0.864893103448	.......*.*..*.......	0			0			0.77161104313
Frock_VEGFA	GGGTGGGGGGAGTTTGCTCCTGG	41	GGTGGGGGTGGGTTTGCTCCTGG	70	0.0135261910041	4	0.4563788125	..**....*.*.........	1			1			0.837736878911
Kim/Hap1_HBB	CTTGCCCCACAGGGCAGTAACGG	46	TCAGCCCCACAGGGCAGTAAGGG	60	0.01343	3	2.28742368742	***.................	0			0			0.01343
Frock_VEGFA	GGGTGGGGGGAGTTTGCTCCTGG	41	GGGCAAGGGGAGGTTGCTCCTGG	70	0.0133300356491	4	0.334982304217	...***......*.......	1			1			0.837736878911
Frock_RAG1A	GCCTCTTTCCCACCCACCTTGGG	33	GCCCCTACCCCACCCACCTGGGT	60	0.0132412883161	4	0.45095075	...*..**...........*	1			1			1.0
Tsai_EMX1	GAGTCCGAGCAGAAGAAGAAGGG	22	GAGCCGGAGCAGAAGAAGGAGGG	50	0.012970521542	3	0.600485074627	...*.*............*.	0			0			0.587936507936
Frock_VEGFA	GGGTGGGGGGAGTTTGCTCCTGG	41	AGGTGGTGGGAGCTTGTTCCTGG	70	0.0128950824705	4	0.16112567625	*.....*.....*...*...	1			1			0.837736878911
Tsai_FANCF	GGAATCCCTTCTGCAGCACCTGG	41	GGATTGCCATCCGCAGCACCTGG	60	0.0126661650364	4	0.248242452586	...*.*..*..*........	1			1			0.395535490344
Wang_WAS-CR4	TGGATGGAGGAATGAGGAGTTGG	12	CGGACGGAGGAATGGGGAGTGGG	50	0.0124	3	0.844444444444	*...*.........*.....	0			0			0.2747
Frock_VEGFA	GGGTGGGGGGAGTTTGCTCCTGG	41	GGAGGAGGGGAGTCTGCTCCAGG	70	0.0119569481638	4	0.127166899849	..**.*.......*......	1			1			0.837736878911
Wang_WAS-CR4	TGGATGGAGGAATGAGGAGTTGG	12	GAGGATGGGGAATGAGGAGTAGG	50	0.0118	6	0.350885225885	**.***.*............	2	TGGATGG(A)GGAATGAGGAGTTGG	AGGATGGGGAATGAGGAGTAGG	3			0.2747
Tsai_HEK293_sgRNA1	GGGAAAGACCCAGCATCCGTGGG	71	GGGAAATACCCAGCATCCAATGG	60	0.0115372622389	3	0.266759598592	......*...........**	0			0			0.383224197069
Frock_RAG1A	GCCTCTTTCCCACCCACCTTGGG	33	ACCTCTTATCCACCCACCTTGGC	60	0.0105788940461	3	1.63277074543	*......**...........	0			0			1.0
Frock_VEGFA	GGGTGGGGGGAGTTTGCTCCTGG	41	AGCTGAGGGGAGCTTGCTCTGGG	70	0.0104985757416	5	0.0926116902547	*.*..*......*......*	2			2			0.837736878911
Frock_EMX	GAGTCCGAGCAGAAGAAGAAGGG	22	GAGCCGGAGCAGAAGAAGGAGGG	50	0.0104095076856	3	0.600485074627	...*.*............*.	0			0			0.77161104313
Tsai_VEGFA_site1	GGGTGGGGGGAGTTTGCTCCTGG	41	GAGGGTGGGGAGTTTACTCCTGG	70	0.0103931314957	4	0.156419303797	.*.*.*.........*....	1			1			0.754360596475
Frock_VEGFA	GGGTGGGGGGAGTTTGCTCCTGG	41	GAGTGGGTGGAGTTTGCTACAGG	70	0.0103365343613	3	1.05555555556	.*.....*..........*.	0			0			0.837736878911
Frock_VEGFA	GGGTGGGGGGAGTTTGCTCCTGG	41	GGTTGAGGGGAGTCTGCTCCAGG	70	0.010063622563	3	0.250189100741	..*..*.......*......	0			0			0.837736878911
Frock_RAG1A	GCCTCTTTCCCACCCACCTTGGG	33	GCCTCTCCCCACCCACCCTTGGC	60	0.0100134297764	6	0.0049859938487	......**..**..**....	3			3			1.0
Frock_EMX	GAGTCCGAGCAGAAGAAGAAGGG	22	GAATCCAAGCAGAAGAAGAGAAG	50	0.00997368288717	3	0.941031617989	..*...*............*	0			0			0.77161104313
Tsai_FANCF	GGAATCCCTTCTGCAGCACCTGG	41	TGAATCCCATCTCCAGCACCAGG	60	0.00978179082017	3	0.70308028169	*.......*...*.......	0			0			0.395535490344
Tsai_FANCF	GGAATCCCTTCTGCAGCACCTGG	41	GGAGTCCCTCCTACAGCACCAGG	60	0.00965638324555	3	0.95247721519	...*.....*..*.......	0			0			0.395535490344
Tsai_VEGFA_site3	GGTGAGTGAGTGTGTGCGTGTGG	6	CGCGAGTGAGTGTGTGCGCGGGG	60	0.00938946632894	3	1.11133898305	*.*...............*.	0			0			0.882391475239
Tsai_EMX1	GAGTCCGAGCAGAAGAAGAAGGG	22	AAGTCCGAGGAGAGGAAGAAAGG	50	0.00925170068027	3	0.408036150235	*........*...*......	0			0			0.587936507936
Frock_EMX	GAGTCCGAGCAGAAGAAGAAGGG	22	AAGTCAGAGCAGAAAAAGAGAGG	50	0.00906850830581	4	0.113084086268	*....*........*....*	1			1			0.77161104313
Frock_VEGFA	GGGTGGGGGGAGTTTGCTCCTGG	41	GGGTGGGTGGAGTTTGCTACTGG	70	0.00887816193904	2	2.93382352941	.......*..........*.	-1			-1			0.837736878911
Tsai_VEGFA_site3	GGTGAGTGAGTGTGTGCGTGTGG	6	GGTGAGTGAGTGTGTGTGTGAGG	60	0.00869071534632	1	38.5	................*...	-2			-2			0.882391475239
Frock_VEGFA	GGGTGGGGGGAGTTTGCTCCTGG	41	AGGGAGGAGGAATTTGCTCCAGG	70	0.00849437972265	5	0.429793103448	*..**..*...*........	2			2			0.837736878911
Tsai_VEGFA_site3	GGTGAGTGAGTGTGTGCGTGTGG	6	CTGGAGTGAGTGTGTGTGTGTGG	60	0.00842868372784	4	0.601049166667	***.............*...	1			1			0.882391475239
Frock_RAG1A	GCCTCTTTCCCACCCACCTTGGG	33	ACCTCCTTCCCGCCCACCTGGGG	60	0.00808142685484	4	0.207602128521	*....*.....*.......*	1			1			1.0
Kim/K562_HBB	CTTGCCCCACAGGGCAGTAACGG	46	TCAGCCCCACAGGGCAGTAAGGG	60	0.00767	3	2.28742368742	***.................	0			0			0.00767
Frock_VEGFA	GGGTGGGGGGAGTTTGCTCCTGG	41	GGGGGTGGGGACTTTGCTCCAGG	70	0.00737714704829	3	0.795434599156	...*.*.....*........	0			0			0.837736878911
Frock_RAG1A	GCCTCTTTCCCACCCACCTTGGG	33	ACCCCTTCCCCACTCACCTCCGG	60	0.00735103550644	5	0.0597735189873	*..*...*.....*.....*	2			2			1.0
Kim16_VEGFA1	GGGTGGGGGGAGTTTGCTCCAGG	41	AGGGAGGAGGAATTTGCTCCAGG	70	0.0072	5	0.429793103448	*..**..*...*........	2			2			0.0847
Cho_ccr5-2	GACACCGAAGCAGAGTTTTTAGG	50	GACAATAAAGCAGAGTTTTTTGG	45	0.00697	3	0.958618437118	....***.............	0			0			0.01606
Frock_VEGFA	GGGTGGGGGGAGTTTGCTCCTGG	41	GGGCAGAGGGAGTTAGCACCGGG	70	0.00678015248947	5	0.0328508846265	...**.*.......*..*..	2			2			0.837736878911
Frock_RAG1A	GCCTCTTTCCCACCCACCTTGGG	33	GCTTCTTCCCCACCCACACTTGG	60	0.00664420516929	4	0.09638643	..*....*.........**.	1			1			1.0
Tsai_VEGFA_site3	GGTGAGTGAGTGTGTGCGTGTGG	6	AGCGAGTGAGTGTGTGTGTGGGG	60	0.00650711852564	3	1.2720617284	*.*.............*...	0			0			0.882391475239
Tsai_EMX1	GAGTCCGAGCAGAAGAAGAAGGG	22	GAATCCAAGCAGGAGAAGAAGGA	50	0.00607709750567	3	0.733598461333	..*...*.....*.......	0			0			0.587936507936
Wang_WAS-CR4	TGGATGGAGGAATGAGGAGTTGG	12	TGGATGGAAGAATGAGGGGTGGG	50	0.006	2	0.964137288136	........*........*..	-1			-1			0.2747
Wang_WAS-CR4	TGGATGGAGGAATGAGGAGTTGG	12	ACGATGGAGGAATGAGGACTTGG	50	0.0058	3	1.12711864407	**................*.	0			0			0.2747
Frock_RAG1A	GCCTCTTTCCCACCCACCTTGGG	33	CACCCTTCCCCACCCACCCTGGG	60	0.00534834955116	5	0.303037974684	**.*...*..........*.	2			2			1.0
Tsai_VEGFA_site3	GGTGAGTGAGTGTGTGCGTGTGG	6	GGTGAGTCAGTGTGTGAGTGAGG	60	0.00532797624247	2	3.09957627119	.......*........*...	-1			-1			0.882391475239
Tsai_VEGFA_site1	GGGTGGGGGGAGTTTGCTCCTGG	41	GGAGGAGGGGAGTCTGCTCCAGG	70	0.0052417532761	4	0.127166899849	..**.*.......*......	1			1			0.754360596475
Frock_VEGFA	GGGTGGGGGGAGTTTGCTCCTGG	41	AAGTAAGGGAAGTTTGCTCCTGG	70	0.00521090964914	5	0.486753793103	**..**...*..........	2			2			0.837736878911
Wang_WAS-CR5	CCCTGTGTCTCTGGATGGATGGG	42	CCCTGTGTCTCTGGGTGGAAGAG	55	0.0051	2	0.707788	..............*....*	-1			-1			0.0051
Tsai_VEGFA_site3	GGTGAGTGAGTGTGTGCGTGTGG	6	GGTGTGTGAGTGTGTGTGTGTGG	60	0.00502227268757	2	3.89095744681	....*...........*...	-1			-1			0.882391475239
Frock_VEGFA	GGGTGGGGGGAGTTTGCTCCTGG	41	AGGAAGGAGGAGTTAGCTCCTGG	70	0.00485271291385	5	0.245397590361	*..**..*......*.....	2			2			0.837736878911
Tsai_VEGFA_site3	GGTGAGTGAGTGTGTGCGTGTGG	6	TGTGAGTGAGTGTGTGTGTGTGA	60	0.00484758494192	2	5.89919354839	*...............*...	-1			-1			0.882391475239
Frock_VEGFA	GGGTGGGGGGAGTTTGCTCCTGG	41	AGGAAGGAGGAGTTAGCTCCTGG	70	0.00470772852099	5	0.245397590361	*..**..*......*.....	2			2			0.837736878911
Kim16_EMX1	GAGTCCGAGCAGAAGAAGAAGGG	22	AAGTCAGAGGAGAAGAAGAAGGG	50	0.0047	3	1.48901476793	*....*...*..........	0			0			0.006
Frock_RAG1A	GCCTCTTTCCCACCCACCTTGGG	33	GCCCCTCCCCCACCCACCCTGGG	60	0.00459439719153	4	0.34064625	...*..**..........*.	1			1			1.0
Tsai_VEGFA_site1	GGGTGGGGGGAGTTTGCTCCTGG	41	GGTGGGGGTGGGTTTGCTCCTGG	70	0.00451875282422	4	0.4563788125	..**....*.*.........	1			1			0.754360596475
Tsai_VEGFA_site3	GGTGAGTGAGTGTGTGCGTGTGG	6	TGTGAGTGAGTGTGTGTATGGGG	60	0.00449820945061	3	0.252864197531	*...............**..	0			0			0.882391475239
Frock_VEGFA	GGGTGGGGGGAGTTTGCTCCTGG	41	AGCTGGAGGGAGTTTGCCCCAGG	70	0.00428983232981	4	0.208990259333	*.*...*..........*..	1			1			0.837736878911
Frock_RAG1A	GCCTCTTTCCCACCCACCTTGGG	33	TGCTCTTCCCCACCCACCCAAGG	60	0.00428810404543	5	0.126366835443	**.....*..........**	2			2			1.0
Tsai_VEGFA_site1	GGGTGGGGGGAGTTTGCTCCTGG	41	GAGGGGGAGCAGTTTGCTCCAGG	70	0.00424762765477	4	1.25711206897	.*.*...*.*..........	1			1			0.754360596475
Tsai_VEGFA_site3	GGTGAGTGAGTGTGTGCGTGTGG	6	AGTGAGTGAGTGAGTGAGTGAGG	60	0.00423617783213	3	0.499277777778	*...........*...*...	0			0			0.882391475239
Tsai_HEK293_sgRNA1	GGGAAAGACCCAGCATCCGTGGG	71	CAAGAAGACCCAGCTTCCGTAGG	60	0.00405363267852	5	0.241962024096	****..........*.....	2			2			0.383224197069
Frock_VEGFA	GGGTGGGGGGAGTTTGCTCCTGG	41	GAGGGTGGGGAGTTTACTCCTGG	70	0.00402544902519	4	0.156419303797	.*.*.*.........*....	1			1			0.837736878911
Wang_WAS-CR4	TGGATGGAGGAATGAGGAGTTGG	12	GCGATGGAGGAATGAAGAGTTGG	50	0.004	3	0.541956882255	**.............*....	0			0			0.2747
Kim/Hap1_VEGFA	GGGTGGGGGGAGTTTGCTCCTGG	41	TAGTGGAGGGAGCTTGCTCCTGG	70	0.00387	4	0.397317958861	**....*.....*.......	1			1			0.06354
Frock_RAG1A	GCCTCTTTCCCACCCACCTTGGG	33	ACCTCCATCCTCCCCACCTTGGG	60	0.00362839573074	5	0.098566311269	*....**...**........	2			2			1.0
Tsai_VEGFA_site3	GGTGAGTGAGTGTGTGCGTGTGG	6	TGTGGGTGAGCATGTGCGTGAGG	60	0.00362477072233	4	0.390673192771	*...*.....**........	1			1			0.882391475239
Kim/Hap1_VEGFA	GGGTGGGGGGAGTTTGCTCCTGG	41	GGGTGGGGGGAGTTTGCCCCAGG	70	0.0036	1	19.6	.................*..	-2			-2			0.06354
Tsai_VEGFA_site3	GGTGAGTGAGTGTGTGCGTGTGG	6	GTAGAGTGAGTGTGTGTGTGTGG	60	0.00358109878592	3	1.19611774461	.**.............*...	0			0			0.882391475239
Tsai_HEK293_sgRNA3	GGCCCAGACTGAGCACGTGATGG	60	AGACCAGACTGAGCAAGAGAGGG	65	0.00350262697023	4	0.0526300506667	*.*............*.*..	1			1			0.27285464098
Hsu_EMX1.3	GAGTCCGAGCAGAAGAAGAAGGG	22	AAGTCCGAGGAGAGGAAGAAAGG	50	0.00349731	3	0.408036150235	*........*...*......	0			0			0.289246022
Tsai_EMX1	GAGTCCGAGCAGAAGAAGAAGGG	22	ACGTCTGAGCAGAAGAAGAATGG	50	0.00344671201814	3	1.4680715198	**...*..............	0			0			0.587936507936
Frock_RAG1A	GCCTCTTTCCCACCCACCTTGGG	33	GGCTCCTCCTCACCCACCTCTGG	60	0.00336922460712	5	0.223530896962	.*...*.*.*.........*	2			2			1.0
Frock_RAG1A	GCCTCTTTCCCACCCACCTTGGG	33	GACTCTTTTCCACCCACCCTAGG	60	0.0032985415734	3	0.644944444444	.*......*.........*.	0			0			1.0
Frock_VEGFA	GGGTGGGGGGAGTTTGCTCCTGG	41	GGGTGAGGGGAATAAACTCCAGG	70	0.00324082760503	5	0.00178592956341	.....*.....*.***....	2			2			0.837736878911
Frock_RAG1A	GCCTCTTTCCCACCCACCTTGGG	33	ACCTCTTCCCTCCCCACCTTTGG	60	0.00313361449473	4	0.390673192771	*......*..**........	1			1			1.0
Frock_VEGFA	GGGTGGGGGGAGTTTGCTCCTGG	41	AGGTCGGGGGAGTTAGATCCCGG	70	0.00312142869326	4	0.163368333333	*...*.........*.*...	1			1			0.837736878911
Kim16_VEGFA1	GGGTGGGGGGAGTTTGCTCCAGG	41	GGGTGGGTGGAGTTTGCTACTGG	70	0.003	2	2.93382352941	.......*..........*.	-1			-1			0.0847
Frock_VEGFA	GGGTGGGGGGAGTTTGCTCCTGG	41	GGGGAGGGGGAGGGTGCTCCAGG	70	0.00295938731301	4	0.0824997740964	...**.......**......	1			1			0.837736878911
Frock_VEGFA	GGGTGGGGGGAGTTTGCTCCTGG	41	GGGAGGGGAGAGTTTGTTCCAGG	70	0.00288263086974	3	0.699446791862	...*....*.......*...	0			0			0.837736878911
Wang_WAS-CR4	TGGATGGAGGAATGAGGAGTTGG	12	TCCATGGAGGAATGAGGAGAGGG	50	0.0027	3	1.47120112994	.**................*	0			0			0.2747
Frock_RAG1A	GCCTCTTTCCCACCCACCTTGGG	33	ACCTCTTTCCATCCCACCTTGGG	60	0.0026859552812	3	0.768613333333	*.........**........	0			0			1.0
Tsai_VEGFA_site3	GGTGAGTGAGTGTGTGCGTGTGG	6	GGTGGATGAGTGTGTGTGTGGGG	60	0.00266398812123	3	0.692578247261	....**..........*...	0			0			0.882391475239
Kim16_VEGFA1	GGGTGGGGGGAGTTTGCTCCAGG	41	AGCTGGAGGGAGTTTGCCCCAGG	70	0.0026	4	0.208990259333	*.*...*..........*..	1			1			0.0847
Frock_VEGFA	GGGTGGGGGGAGTTTGCTCCTGG	41	AAGTGGGAAGAGTTTGTTCCAGG	70	0.00252443413444	5	0.226302025316	**.....**.......*...	2			2			0.837736878911
Kim16_RNF2	GTCATCTTAGTCATTACCTGAGG	50	GGTATCTAAGTCATTACCTGTGG	40	0.0024	3	2.50789825971	.**....*............	0			0			0.0024
Tsai_HEK293_sgRNA2	GAACACAAAGCATAGACTGCGGG	39	AAACATAAAGCATAGACTGCAAA	45	0.00225606316977	2	3.83166666667	*....*..............	-1			-1			0.0580936266216
Frock_EMX	GAGTCCGAGCAGAAGAAGAAGGG	22	ACGTCTGAGCAGAAGAAGAATGG	50	0.00224617396114	3	1.4680715198	**...*..............	0			0			0.77161104313
Frock_VEGFA	GGGTGGGGGGAGTTTGCTCCTGG	41	GGGAGGGGGCAGGTTGCTCCAGG	70	0.00220035137394	3	0.95247721519	...*.....*..*.......	0			0			0.837736878911
Kim16_VEGFA3	GGTGAGTGAGTGTGTGCGTGTGG	6	TGTGTGAGTGAGTGTGTGTGTGG	60	0.0022	6	0.0567007279192	*...*.*.*.*.....*...	3			3			0.004
Tsai_VEGFA_site3	GGTGAGTGAGTGTGTGCGTGTGG	6	TGTGAGTGAGTGTGTGCGTGTGA	60	0.00218359682068	1	100.0	*...................	-2			-2			0.882391475239
Tsai_HEK293_sgRNA1	GGGAAAGACCCAGCATCCGTGGG	71	GAGAAAAGCCCAGCATCCTTAGG	60	0.00218272528843	4	0.34064625	.*....**..........*.	1			1			0.383224197069
Tsai_VEGFA_site1	GGGTGGGGGGAGTTTGCTCCTGG	41	GAGTGGGTGGAGTTTGCTACAGG	70	0.00216900135563	3	1.05555555556	.*.....*..........*.	0			0			0.754360596475
Cho_ccr5-2	GACACCGAAGCAGAGTTTTTAGG	50	CACACCGAAGCTGGGTTTTTAGG	45	0.00215	3	0.21797370892	*..........*.*......	0			0			0.01606
Cho_ccr5-2	GACACCGAAGCAGAGTTTTTAGG	50	GACAACAAAGTAGAGTTTTTAGG	45	0.00213	3	0.964154618474	....*.*...*.........	0			0			0.01606
Cho_ccr5-2	GACACCGAAGCAGAGTTTTTAGG	50	GAGACAGAAGGAGAGTTTTTAGG	45	0.00212	3	0.884726983122	..*..*....*.........	0			0			0.01606
Frock_VEGFA	GGGTGGGGGGAGTTTGCTCCTGG	41	AGGTAGGAGAAGCTTGCTCCTGA	70	0.00208948095587	5	0.326366891566	*...*..*.*..*.......	2			2			0.837736878911
Frock_VEGFA	GGGTGGGGGGAGTTTGCTCCTGG	41	GGTGGGGGAGAGCTAGCTCCGGG	70	0.00205536698108	5	0.0572136143318	..**....*...*.*.....	2			2			0.837736878911
Kim16_HEK4	GGCACTGCGGCTGGAGGTGGGGG	14	GGAACTGGGGCTGGGGGTGGGGG	75	0.002	3	0.785713928013	..*....*......*.....	0			0			0.002
Tsai_VEGFA_site3	GGTGAGTGAGTGTGTGCGTGTGG	6	CATGAGTGAGTGTGTGGGTGGGG	60	0.00196523713861	3	1.29012345679	**..............*...	0			0			0.882391475239
Frock_EMX	GAGTCCGAGCAGAAGAAGAAGGG	22	AAGTCCGAGGAGAGGAAGAAAGG	50	0.0019109241162	3	0.408036150235	*........*...*......	0			0			0.77161104313
Tsai_HEK293_sgRNA1	GGGAAAGACCCAGCATCCGTGGG	71	GGAAAAGACCAAGCATCAGTGGG	60	0.00187090739008	3	0.337957631841	..*.......*......*..	0			0			0.383224197069
Frock_RAG1A	GCCTCTTTCCCACCCACCTTGGG	33	GTGTATTCCCCACCCACCTTGGG	60	0.00181419786537	4	1.34583333333	.**.*..*............	1			1			1.0
Frock_EMX	GAGTCCGAGCAGAAGAAGAAGGG	22	GAGTAGGAGCAGGAGAAGAAGGA	50	0.00181034916271	3	0.62567721519	....**......*.......	0			0			0.77161104313
Kim16_VEGFA3	GGTGAGTGAGTGTGTGCGTGTGG	6	TGTGAGTGAGTGAGTGAATGTGG	60	0.0018	4	0.046238115	*...........*...**..	1			1			0.004
Tsai_VEGFA_site3	GGTGAGTGAGTGTGTGCGTGTGG	6	AGTGAGTATGTGTGTGTGTGGGG	60	0.00179054939296	4	0.372455416667	*......**.......*...	1			1			0.882391475239
Hsu_EMX1.2	GACATCGATGTCCTCCCCATTGG	67	CACATAGGTGTCCTCCCCATAGG	55	0.00178971	3	1.53882195448	*....*.*............	0			0			0.00178971
Frock_RAG1A	GCCTCTTTCCCACCCACCTTGGG	33	GCCCCTTCCCCACCCACCCTGTG	60	0.00174351483166	3	0.992537313433	...*...*..........*.	0			0			1.0
Hsu_EMX1.3	GAGTCCGAGCAGAAGAAGAAGGG	22	ACGTCTGAGCAGAAGAAGAATGG	50	0.001718713	3	1.4680715198	**...*..............	0			0			0.289246022
Cho_ccr5-2	GACACCGAAGCAGAGTTTTTAGG	50	GACACCGAAGCAGGGTTTTCAGG	45	0.00169	2	0.415678521127	.............*.....*	-1			-1			0.01606
Kim/K562_VEGFA	GGGTGGGGGGAGTTTGCTCCTGG	41	GGGTGGGGGGAGTTTGCCCCAGG	70	0.00168	1	19.6	.................*..	-2			-2			0.03152
Cho_c4bpb	AATGACCACTACATCCTCAAGGG	47	AATGACCACAGCATCCTCAGTGG	40	0.00166	3	0.59998238	.........**........*	0			0			0.00166
Tsai_VEGFA_site3	GGTGAGTGAGTGTGTGCGTGTGG	6	GATGAGTGAGTGAGTGAGTGGGG	60	0.00161586164731	3	0.469470149254	.*..........*...*...	0			0			0.882391475239
Tsai_VEGFA_site3	GGTGAGTGAGTGTGTGCGTGTGG	6	TGTGAGTGAGTGTGTGTGTGTGA	60	0.00161586164731	2	5.89919354839	*...............*...	-1			-1			0.882391475239
Kim/K562_VEGFA	GGGTGGGGGGAGTTTGCTCCTGG	41	TAGTGGAGGGAGCTTGCTCCTGG	70	0.0016	4	0.397317958861	**....*.....*.......	1			1			0.03152
Frock_VEGFA	GGGTGGGGGGAGTTTGCTCCTGG	41	AAGTGGGAGGAGACTGCTCCAGG	70	0.00153512886554	5	0.0527998554217	**.....*....**......	2			2			0.837736878911
Tsai_VEGFA_site3	GGTGAGTGAGTGTGTGCGTGTGG	6	GGAGAGTGAGTGTGTGTGTGAGA	60	0.00152851777448	2	4.62345512821	..*.............*...	-1			-1			0.882391475239
Kim/Hap1_VEGFA	GGGTGGGGGGAGTTTGCTCCTGG	41	GGGGAGGGGAAGTTTGCTCCTGG	70	0.00151	3	2.34257028112	...**....*..........	0			0			0.06354
Hsu_EMX1.3	GAGTCCGAGCAGAAGAAGAAGGG	22	GAGTCCAAGCAGTAGAGGAAGGG	50	0.001466994	3	0.286445646667	......*.....*...*...	0			0			0.289246022
Tsai_VEGFA_site1	GGGTGGGGGGAGTTTGCTCCTGG	41	AGGTGGTGGGAGCTTGTTCCTGG	70	0.00144600090375	4	0.16112567625	*.....*.....*...*...	1			1			0.754360596475
Tsai_VEGFA_site3	GGTGAGTGAGTGTGTGCGTGTGG	6	GGTGAGTAAGTGTGAGCGTAAGG	60	0.00144117390165	3	0.332294835681	.......*......*....*	0			0			0.882391475239
Tsai_VEGFA_site3	GGTGAGTGAGTGTGTGCGTGTGG	6	GGTGAGTGTGTGTGTGCATGTGG	60	0.00144117390165	2	0.964137288136	........*........*..	-1			-1			0.882391475239
Frock_RAG1A	GCCTCTTTCCCACCCACCTTGGG	33	ACCTTGTCCCCACCCACCAGGGG	60	0.00143722168555	6	0.0505329894578	*...**.*..........**	3			3			1.0
Frock_RAG1A	GCCTCTTTCCCACCCACCTTGGG	33	GCCCCTTACCCATCCACCCTGGG	60	0.00141366067432	4	0.19301625	...*...*....*.....*.	1			1			1.0
Tsai_VEGFA_site3	GGTGAGTGAGTGTGTGCGTGTGG	6	AGTGAGTGAGTGAGTGAGTGGGG	60	0.00139750196524	3	0.499277777778	*...........*...*...	0			0			0.882391475239
Kim16_EMX1	GAGTCCGAGCAGAAGAAGAAGGG	22	GAATCCAAGCAGAAGAAGAGAAG	50	0.0013	3	0.941031617989	..*...*............*	0			0			0.006
Frock_VEGFA	GGGTGGGGGGAGTTTGCTCCTGG	41	AAATGGGGGGAGTTTGCCCCCCG	70	0.00129633104201	4	0.305988666667	***..............*..	1			1			0.837736878911
Frock_VEGFA	GGGTGGGGGGAGTTTGCTCCTGG	41	GGGGGCGGGGAGGTTGCCCCGGG	70	0.00129633104201	4	0.0689809129747	...*.*......*....*..	1			1			0.837736878911
Frock_RAG1A	GCCTCTTTCCCACCCACCTTGGG	33	GCCCCTGCCCCACCCACCTGTGG	60	0.00129585561812	4	0.45095075	...*..**...........*	1			1			1.0
Tsai_VEGFA_site3	GGTGAGTGAGTGTGTGCGTGTGG	6	GATGAGTGTGTGTGTGTGTGAGG	60	0.001266486156	3	0.741204809287	.*......*.......*...	0			0			0.882391475239
Tsai_VEGFA_site1	GGGTGGGGGGAGTTTGCTCCTGG	41	GGGCAAGGGGAGGTTGCTCCTGG	70	0.00126525079078	4	0.334982304217	...***......*.......	1			1			0.754360596475
Tsai_HEK293_sgRNA1	GGGAAAGACCCAGCATCCGTGGG	71	ATGAAAGACCCAGCATCCATTGA	60	0.00124727159339	3	1.12711864407	**................*.	0			0			0.383224197069
Cho_ccr5-7	AACACCAGTGAGTAGAGCGGAGG	48	TACTCCAGTGAGTAGAGAGGCGG	55	0.00116	3	0.656790123457	*..*.............*..	0			0			0.42847
Tsai_VEGFA_site3	GGTGAGTGAGTGTGTGCGTGTGG	6	GGTGAATGAGTGTGTGCTCTGGG	60	0.00113547034676	4	0.0234134052294	.....*...........***	1			1			0.882391475239
Kim16_HEK3	GGCCCAGACTGAGCACGTGATGG	60	GGCTCAGACTGAGCACCTGAGAG	65	0.0011	2	4.25290697674	...*............*...	-1			-1			0.0011
Tsai_VEGFA_site3	GGTGAGTGAGTGTGTGCGTGTGG	6	AGGGAGTGACTGTGTGCGTGTGG	60	0.00104812647393	3	2.42672489451	*.*......*..........	0			0			0.882391475239
Cho_ccr5-2	GACACCGAAGCAGAGTTTTTAGG	50	GACACTGAAGCAGTGATTTTAGG	45	0.001	3	0.0436435348148	.....*.......*.*....	0			0			0.01606
Ran_EMX1-sg1	GCCTCCCCAAAGCCTGGCCAGGG	23	TTCTCCCCAAAGCCTGGCCACAG	70	0.001	2	5.21978021978	**..................	-1			-1			0.288
