name	seq	score	type
Cho_c4bpb	AATGACCACTACATCCTCAAGGG	0.74678	on-target
Cho_c4bpb	AATGACCACAGCATCCTCAGTGG	0.00166	off-target
Cho_ccr-1	GAATCCTAAAAACTCTGCTTCGG	0.3219	on-target
Cho_ccr5	TGACATCAATTATTATACATCGG	0.60215	on-target
Cho_ccr5-2	GACACCGAAGCAGAGTTTTTAGG	0.34602	on-target
Cho_ccr5-2	GACAATAAAGCAGAGTTTTTTGG	0.00697	off-target
Cho_ccr5-2	CACACCGAAGCTGGGTTTTTAGG	0.00215	off-target
Cho_ccr5-2	GACAACAAAGTAGAGTTTTTAGG	0.00213	off-target
Cho_ccr5-2	GAGACAGAAGGAGAGTTTTTAGG	0.00212	off-target
Cho_ccr5-2	GACACCGAAGCAGGGTTTTCAGG	0.00169	off-target
Cho_ccr5-2	GACACTGAAGCAGTGATTTTAGG	0.001	off-target
Cho_ccr5-3	GGTCCTGCCGCTGCTTGTCATGG	0.08682	on-target
Cho_ccr5-4	AAATGAGAAGAAGAGGCACAGGG	0.53221	on-target
Cho_ccr5-4	AAACGAGAAGAAGAGGCATAGGG	0.01824	off-target
Cho_ccr5-5	CCTGCCTCCGCTCTACTCACTGG	0.68235	on-target
Cho_ccr5-5	CCTGCCTCCGCTCTACTCGCTGG	0.01637	off-target
Cho_ccr5-6	ATGAACACCAGTGAGTAGAGCGG	0.43948	on-target
Cho_ccr5-6	ATGAACACCAGCGAGTAGAGCGG	0.29448	off-target
Cho_ccr5-7	AACACCAGCGAGTAGAGCGGAGG	0.42731	off-target
Cho_ccr5-7	AACACCAGTGAGTAGAGCGGAGG	0.41921	on-target
Cho_ccr5-7	TACTCCAGTGAGTAGAGAGGCGG	0.00116	off-target
Cho_ccr5-8	CCAGTGAGTAGAGCGGAGGCAGG	0.19719	on-target
Cho_ccr5-8	CCAGCGAGTAGAGCGGAGGCAGG	0.02755	off-target
Frock_EMX	GAGTCTAAGCAGAAGAAGAAGAG	0.317464840673	off-target
Frock_EMX	GAGTCCGAGCAGAAGAAGAAGGG	0.22838895687	on-target
Frock_EMX	GAGTTAGAGCAGAAGAAGAAAGG	0.201367819367	off-target
Frock_EMX	AAGTCTGAGCACAAGAAGAATGG	0.0778114890122	off-target
Frock_EMX	GAGGCCGAGCAGAAGAAAGACGG	0.0508071140017	off-target
Frock_EMX	AAGCCCGAGCAAAGGAAGAAAGG	0.0477395779204	off-target
Frock_EMX	GAGTCCTAGCAGGAGAAGAAGAG	0.0274066748244	off-target
Frock_EMX	GAGTCCGGGAAGGAGAAGAAAGG	0.0135943812126	off-target
Frock_EMX	GAGCCGGAGCAGAAGAAGGAGGG	0.0104095076856	off-target
Frock_EMX	GAATCCAAGCAGAAGAAGAGAAG	0.00997368288717	off-target
Frock_EMX	AAGTCAGAGCAGAAAAAGAGAGG	0.00906850830581	off-target
Frock_EMX	ACGTCTGAGCAGAAGAAGAATGG	0.00224617396114	off-target
Frock_EMX	AAGTCCGAGGAGAGGAAGAAAGG	0.0019109241162	off-target
Frock_EMX	GAGTAGGAGCAGGAGAAGAAGGA	0.00181034916271	off-target
Frock_RAG1A	ACCCCTTCCCCACCTACCTTGGG	0.18184388474	off-target
Frock_RAG1A	TCCTCCTCCCCACCCACCTTCAG	0.174516410244	off-target
Frock_RAG1A	CCCTCCTTCCCACCCACTTTGGG	0.0953278514714	off-target
Frock_RAG1A	TCCTCTCTCCCACCCACCTCCGG	0.0946917041679	off-target
Frock_RAG1A	ACGTCTTCCCCACCCACCTGGGG	0.0585255519167	off-target
Frock_RAG1A	ACTTCCTTCCCACCCACCTTCAG	0.0564993049502	off-target
Frock_RAG1A	TCCTCTTCTCCACCCACCTCTGG	0.0532950074217	off-target
Frock_RAG1A	GTCTCTTTCTCACCCACTTTGGG	0.0450957755107	off-target
Frock_RAG1A	CACCCTTTCCCATCCACCTTTGG	0.0413966967462	off-target
Frock_RAG1A	GCCTCTTCCACACCCACCCTGGG	0.0351059067455	off-target
Frock_RAG1A	GCCTCTTTACCACCTCACCTTGG	0.0189194920246	off-target
Frock_RAG1A	TTCTCTTCCCCACCCACCTTTGA	0.0185425158448	off-target
Frock_RAG1A	TCCTCTTCTCCACCCACCATAGG	0.0181184176425	off-target
Frock_RAG1A	GTCTCTTTCCCATCCACCTTTGA	0.0141601677544	off-target
Frock_RAG1A	GCCCCTACCCCACCCACCTGGGT	0.0132412883161	off-target
Frock_RAG1A	ACCTCTTATCCACCCACCTTGGC	0.0105788940461	off-target
Frock_RAG1A	GCCTCTCCCCACCCACCCTTGGC	0.0100134297764	off-target
Frock_RAG1A	ACCTCCTTCCCGCCCACCTGGGG	0.00808142685484	off-target
Frock_RAG1A	ACCCCTTCCCCACTCACCTCCGG	0.00735103550644	off-target
Frock_RAG1A	GCTTCTTCCCCACCCACACTTGG	0.00664420516929	off-target
Frock_RAG1A	CACCCTTCCCCACCCACCCTGGG	0.00534834955116	off-target
Frock_RAG1A	GCCCCTCCCCCACCCACCCTGGG	0.00459439719153	off-target
Frock_RAG1A	TGCTCTTCCCCACCCACCCAAGG	0.00428810404543	off-target
Frock_RAG1A	ACCTCCATCCTCCCCACCTTGGG	0.00362839573074	off-target
Frock_RAG1A	GGCTCCTCCTCACCCACCTCTGG	0.00336922460712	off-target
Frock_RAG1A	GACTCTTTTCCACCCACCCTAGG	0.0032985415734	off-target
Frock_RAG1A	ACCTCTTCCCTCCCCACCTTTGG	0.00313361449473	off-target
Frock_RAG1A	ACCTCTTTCCATCCCACCTTGGG	0.0026859552812	off-target
Frock_RAG1A	GTGTATTCCCCACCCACCTTGGG	0.00181419786537	off-target
Frock_RAG1A	GCCCCTTCCCCACCCACCCTGTG	0.00174351483166	off-target
Frock_RAG1A	ACCTTGTCCCCACCCACCAGGGG	0.00143722168555	off-target
Frock_RAG1A	GCCCCTTACCCATCCACCCTGGG	0.00141366067432	off-target
Frock_RAG1A	GCCCCTGCCCCACCCACCTGTGG	0.00129585561812	off-target
Frock_RAG1A	GCCTCTTTCCCACCCACCTTGGG	NA	on-target
Frock_RAG1B	TCCTTGTTTTCATTGTTCTCTGG	0.885586742494	off-target
Frock_RAG1B	CATTTGTTTTCATTGTTCTCTGG	0.114413257506	off-target
Frock_RAG1B	GACTTGTTTTCATTGTTCTCAGG	NA	on-target
Frock_VEGFA	GGGTGGGGGGAGTTTGCTCCTGG	0.162263121088	on-target
Frock_VEGFA	GGATGGAGGGAGTTTGCTCCTGG	0.150289115936	off-target
Frock_VEGFA	TAGTGGAGGGAGCTTGCTCCTGG	0.141470653453	off-target
Frock_VEGFA	GGGGAGGGGAAGTTTGCTCCTGG	0.116149555665	off-target
Frock_VEGFA	GGGAGGGTGGAGTTTGCTCCTGG	0.0616354239514	off-target
Frock_VEGFA	CGGGGGAGGGAGTTTGCTCCTGG	0.0563136438842	off-target
Frock_VEGFA	GGGTGGGGGGAGTTTGCCCCAGG	0.0418237330923	off-target
Frock_VEGFA	GTGGGGGTAGAGTTTGCTCCAGG	0.0330052706091	off-target
Frock_VEGFA	GAGGGGGAGCAGTTTGCTCCAGG	0.0285448684053	off-target
Frock_VEGFA	GCGTGGGGGGTGTTTGCTCCCGG	0.0164855783172	off-target
Frock_VEGFA	CTGGTGGGGGAGCTTGCTCCAGG	0.0153854026302	off-target
Frock_VEGFA	AGGAAGGAGGAGTTAGCTCCTGG	0.0142084704999	off-target
Frock_VEGFA	GGTGGGGGTGGGTTTGCTCCTGG	0.0135261910041	off-target
Frock_VEGFA	GGGCAAGGGGAGGTTGCTCCTGG	0.0133300356491	off-target
Frock_VEGFA	AGGTGGTGGGAGCTTGTTCCTGG	0.0128950824705	off-target
Frock_VEGFA	GGAGGAGGGGAGTCTGCTCCAGG	0.0119569481638	off-target
Frock_VEGFA	AGCTGAGGGGAGCTTGCTCTGGG	0.0104985757416	off-target
Frock_VEGFA	GAGTGGGTGGAGTTTGCTACAGG	0.0103365343613	off-target
Frock_VEGFA	GGTTGAGGGGAGTCTGCTCCAGG	0.010063622563	off-target
Frock_VEGFA	GGGTGGGTGGAGTTTGCTACTGG	0.00887816193904	off-target
Frock_VEGFA	AGGGAGGAGGAATTTGCTCCAGG	0.00849437972265	off-target
Frock_VEGFA	GGGGGTGGGGACTTTGCTCCAGG	0.00737714704829	off-target
Frock_VEGFA	GGGCAGAGGGAGTTAGCACCGGG	0.00678015248947	off-target
Frock_VEGFA	AAGTAAGGGAAGTTTGCTCCTGG	0.00521090964914	off-target
Frock_VEGFA	AGGAAGGAGGAGTTAGCTCCTGG	0.00485271291385	off-target
Frock_VEGFA	AGGAAGGAGGAGTTAGCTCCTGG	0.00470772852099	off-target
Frock_VEGFA	AGCTGGAGGGAGTTTGCCCCAGG	0.00428983232981	off-target
Frock_VEGFA	GAGGGTGGGGAGTTTACTCCTGG	0.00402544902519	off-target
Frock_VEGFA	GGGTGAGGGGAATAAACTCCAGG	0.00324082760503	off-target
Frock_VEGFA	AGGTCGGGGGAGTTAGATCCCGG	0.00312142869326	off-target
Frock_VEGFA	GGGGAGGGGGAGGGTGCTCCAGG	0.00295938731301	off-target
Frock_VEGFA	GGGAGGGGAGAGTTTGTTCCAGG	0.00288263086974	off-target
Frock_VEGFA	AAGTGGGAAGAGTTTGTTCCAGG	0.00252443413444	off-target
Frock_VEGFA	GGGAGGGGGCAGGTTGCTCCAGG	0.00220035137394	off-target
Frock_VEGFA	AGGTAGGAGAAGCTTGCTCCTGA	0.00208948095587	off-target
Frock_VEGFA	GGTGGGGGAGAGCTAGCTCCGGG	0.00205536698108	off-target
Frock_VEGFA	AAGTGGGAGGAGACTGCTCCAGG	0.00153512886554	off-target
Frock_VEGFA	AAATGGGGGGAGTTTGCCCCCCG	0.00129633104201	off-target
Frock_VEGFA	GGGGGCGGGGAGGTTGCCCCGGG	0.00129633104201	off-target
Hsu_EMX1.1	GTCACCTCCAATGACTAGGGTGG	0.21072983	on-target
Hsu_EMX1.1	GCTACCTCCAGTGACTAGGGAAG	0.029040975	off-target
Hsu_EMX1.2	GACATCGATGTCCTCCCCATTGG	0.222294215	on-target
Hsu_EMX1.2	CACATAGGTGTCCTCCCCATAGG	0.00178971	off-target
Hsu_EMX1.3	GAGTCCGAGCAGAAGAAGAAGGG	0.480947478	on-target
Hsu_EMX1.3	GAGTCTAAGCAGAAGAAGAAGAG	0.180153317	off-target
Hsu_EMX1.3	GAGTCCTAGCAGGAGAAGAAGAG	0.077820488	off-target
Hsu_EMX1.3	GAGGCCGAGCAGAAGAAAGACGG	0.0245892	off-target
Hsu_EMX1.3	AAGTCCGAGGAGAGGAAGAAAGG	0.00349731	off-target
Hsu_EMX1.3	ACGTCTGAGCAGAAGAAGAATGG	0.001718713	off-target
Hsu_EMX1.3	GAGTCCAAGCAGTAGAGGAAGGG	0.001466994	off-target
Hsu_EMX1.6	GCGCCACCGGTTGATGTGATGGG	0.529313061	on-target
Kim/Hap1_HBB	CTTGCCCCACAGGGCAGTAACGG	0.37799	on-target
Kim/Hap1_HBB	TCAGCCCCACAGGGCAGTAAGGG	0.01343	off-target
Kim/Hap1_VEGFA	GGGTGGGGGGAGTTTGCTCCTGG	0.32411	on-target
Kim/Hap1_VEGFA	GGATGGAGGGAGTTTGCTCCTGG	0.05456	off-target
Kim/Hap1_VEGFA	TAGTGGAGGGAGCTTGCTCCTGG	0.00387	off-target
Kim/Hap1_VEGFA	GGGTGGGGGGAGTTTGCCCCAGG	0.0036	off-target
Kim/Hap1_VEGFA	GGGGAGGGGAAGTTTGCTCCTGG	0.00151	off-target
Kim/K562_HBB	CTTGCCCCACAGGGCAGTAACGG	0.23111	on-target
Kim/K562_HBB	TCAGCCCCACAGGGCAGTAAGGG	0.00767	off-target
Kim/K562_VEGFA	GGGTGGGGGGAGTTTGCTCCTGG	0.0481	on-target
Kim/K562_VEGFA	GGATGGAGGGAGTTTGCTCCTGG	0.02824	off-target
Kim/K562_VEGFA	GGGTGGGGGGAGTTTGCCCCAGG	0.00168	off-target
Kim/K562_VEGFA	TAGTGGAGGGAGCTTGCTCCTGG	0.0016	off-target
Kim16_EMX1	GAGTCCGAGCAGAAGAAGAAGGG	0.6161	on-target
Kim16_EMX1	AAGTCAGAGGAGAAGAAGAAGGG	0.0047	off-target
Kim16_EMX1	GAATCCAAGCAGAAGAAGAGAAG	0.0013	off-target
Kim16_FANCF	GGAATCCCTTCTGCAGCACCTGG	0.5437	on-target
Kim16_HEK1	GGGAAAGACCCAGCATCCGTGGG	0.4867	on-target
Kim16_HEK2	GAACACAAAGCATAGACTGCGGG	0.5905	on-target
Kim16_HEK3	GGCCCAGACTGAGCACGTGATGG	0.6699	on-target
Kim16_HEK3	GGCTCAGACTGAGCACCTGAGAG	0.0011	off-target
Kim16_HEK4	GGCACTGCGGCTGGAGGTGGGGG	0.829	on-target
Kim16_HEK4	GGAACTGGGGCTGGGGGTGGGGG	0.002	off-target
Kim16_RNF2	GTCATCTTAGTCATTACCTGAGG	0.6806	on-target
Kim16_RNF2	GGTATCTAAGTCATTACCTGTGG	0.0024	off-target
Kim16_VEGFA1	GGGTGGGGGGAGTTTGCTCCAGG	0.2177	on-target
Kim16_VEGFA1	TTGGGGGGGCAGTTTGCTCCTGG	0.0719	off-target
Kim16_VEGFA1	AGGGAGGAGGAATTTGCTCCAGG	0.0072	off-target
Kim16_VEGFA1	GGGTGGGTGGAGTTTGCTACTGG	0.003	off-target
Kim16_VEGFA1	AGCTGGAGGGAGTTTGCCCCAGG	0.0026	off-target
Kim16_VEGFA2	GACCCCCTCCACCCCGCCTCCGG	0.9641	on-target
Kim16_VEGFA2	CTCCCCACCCACCCCGCCTCAGG	0.691	off-target
Kim16_VEGFA3	GGTGAGTGAGTGTGTGCGTGTGG	0.4188	on-target
Kim16_VEGFA3	TGTGTGAGTGAGTGTGTGTGTGG	0.0022	off-target
Kim16_VEGFA3	TGTGAGTGAGTGAGTGAATGTGG	0.0018	off-target
Ran_EMX1-sg1	GCCTCCCCAAAGCCTGGCCAGGG	0.1927	on-target
Ran_EMX1-sg1	ACCTCCCCATAGCCTGGCCAGGG	0.1714	off-target
Ran_EMX1-sg1	TCCTCCCCACAGCCTGGCCAGGG	0.1156	off-target
Ran_EMX1-sg1	TTCTCCCCAAAGCCTGGCCACAG	0.001	off-target
Ran_EMX1-sg2	GGCCAGGCTTTGGGGAGGCCTGG	0.1198	on-target
Tsai_EMX1	GAGTCCGAGCAGAAGAAGAAGGG	0.410068027211	on-target
Tsai_EMX1	GAGTTAGAGCAGAAGAAGAAAGG	0.283265306122	off-target
Tsai_EMX1	GAGTCTAAGCAGAAGAAGAAGAG	0.131065759637	off-target
Tsai_EMX1	GAGGCCGAGCAGAAGAAAGACGG	0.0634920634921	off-target
Tsai_EMX1	GAGTCCTAGCAGGAGAAGAAGAG	0.0353741496599	off-target
Tsai_EMX1	AAGTCTGAGCACAAGAAGAATGG	0.0234013605442	off-target
Tsai_EMX1	GAGTCCGGGAAGGAGAAGAAAGG	0.0195918367347	off-target
Tsai_EMX1	GAGCCGGAGCAGAAGAAGGAGGG	0.012970521542	off-target
Tsai_EMX1	AAGTCCGAGGAGAGGAAGAAAGG	0.00925170068027	off-target
Tsai_EMX1	GAATCCAAGCAGGAGAAGAAGGA	0.00607709750567	off-target
Tsai_EMX1	ACGTCTGAGCAGAAGAAGAATGG	0.00344671201814	off-target
Tsai_FANCF	GGAATCCCTTCTGCAGCACCTGG	0.603962879358	on-target
Tsai_FANCF	GGAACCCCGTCTGCAGCACCAGG	0.263230499122	off-target
Tsai_FANCF	GGAGTCCCTCCTACAGCACCAGG	0.0657135690996	off-target
Tsai_FANCF	AGAGGCCCCTCTGCAGCACCAGG	0.0188111361926	off-target
Tsai_FANCF	ACCATCCCTCCTGCAGCACCAGG	0.0156759468272	off-target
Tsai_FANCF	GGATTGCCATCCGCAGCACCTGG	0.0126661650364	off-target
Tsai_FANCF	TGAATCCCATCTCCAGCACCAGG	0.00978179082017	off-target
Tsai_FANCF	GGAGTCCCTCCTACAGCACCAGG	0.00965638324555	off-target
Tsai_HEK293_sgRNA1	GGGAAAGACCCAGCATCCGTGGG	0.615840349236	on-target
Tsai_HEK293_sgRNA1	GGGAAAGTCCCAGCATCCTTTGG	0.243529778609	off-target
Tsai_HEK293_sgRNA1	GGGAAAAGCCCAGCATCCCTTGG	0.0826317430621	off-target
Tsai_HEK293_sgRNA1	GGGAAGGACCCAGCATCCTGGGG	0.0361708762083	off-target
Tsai_HEK293_sgRNA1	GGGAAATACCCAGCATCCAATGG	0.0115372622389	off-target
Tsai_HEK293_sgRNA1	CAAGAAGACCCAGCTTCCGTAGG	0.00405363267852	off-target
Tsai_HEK293_sgRNA1	GAGAAAAGCCCAGCATCCTTAGG	0.00218272528843	off-target
Tsai_HEK293_sgRNA1	GGAAAAGACCAAGCATCAGTGGG	0.00187090739008	off-target
Tsai_HEK293_sgRNA1	ATGAAAGACCCAGCATCCATTGA	0.00124727159339	off-target
Tsai_HEK293_sgRNA2	GAACACAAAGCATAGACTGCGGG	0.941906373378	on-target
Tsai_HEK293_sgRNA2	GAACACAATGCATAGATTGCCGG	0.0558375634518	off-target
Tsai_HEK293_sgRNA2	AAACATAAAGCATAGACTGCAAA	0.00225606316977	off-target
Tsai_HEK293_sgRNA3	GGCCCAGACTGAGCACGTGATGG	0.726444833625	on-target
Tsai_HEK293_sgRNA3	CACCCAGACTGAGCACGTGCTGG	0.114535901926	off-target
Tsai_HEK293_sgRNA3	GACACAGACCGGGCACGTGAGGG	0.107180385289	off-target
Tsai_HEK293_sgRNA3	AGCTCAGACTGAGCAAGTGAGGG	0.0476357267951	off-target
Tsai_HEK293_sgRNA3	AGACCAGACTGAGCAAGAGAGGG	0.00350262697023	off-target
Tsai_RNF2	GTCATCTTAGTCATTACCTGAGG	1.0	on-target
Tsai_VEGFA_site1	GGATGGAGGGAGTTTGCTCCTGG	0.29254405784	off-target
Tsai_VEGFA_site1	GGGTGGGGGGAGTTTGCTCCTGG	0.242657026661	on-target
Tsai_VEGFA_site1	TAGTGGAGGGAGCTTGCTCCTGG	0.174875734297	off-target
Tsai_VEGFA_site1	GGGGAGGGGAAGTTTGCTCCTGG	0.0740171712607	off-target
Tsai_VEGFA_site1	GGGAGGGTGGAGTTTGCTCCTGG	0.0539539087212	off-target
Tsai_VEGFA_site1	CGGGGGAGGGAGTTTGCTCCTGG	0.0338906461817	off-target
Tsai_VEGFA_site1	CTGGTGGGGGAGCTTGCTCCAGG	0.0292815183009	off-target
Tsai_VEGFA_site1	GGGTGGGGGGAGTTTGCCCCAGG	0.0225033890646	off-target
Tsai_VEGFA_site1	GCGTGGGGGGTGTTTGCTCCCGG	0.0222322638952	off-target
Tsai_VEGFA_site1	GTGGGGGTAGAGTTTGCTCCAGG	0.0217803886127	off-target
Tsai_VEGFA_site1	GAGGGTGGGGAGTTTACTCCTGG	0.0103931314957	off-target
Tsai_VEGFA_site1	GGAGGAGGGGAGTCTGCTCCAGG	0.0052417532761	off-target
Tsai_VEGFA_site1	GGTGGGGGTGGGTTTGCTCCTGG	0.00451875282422	off-target
Tsai_VEGFA_site1	GAGGGGGAGCAGTTTGCTCCAGG	0.00424762765477	off-target
Tsai_VEGFA_site1	GAGTGGGTGGAGTTTGCTACAGG	0.00216900135563	off-target
Tsai_VEGFA_site1	AGGTGGTGGGAGCTTGTTCCTGG	0.00144600090375	off-target
Tsai_VEGFA_site1	GGGCAAGGGGAGGTTGCTCCTGG	0.00126525079078	off-target
Tsai_VEGFA_site3	AGTGAGTGAGTGTGTGTGTGGGG	0.136474801293	off-target
Tsai_VEGFA_site3	AGAGAGTGAGTGTGTGCATGAGG	0.111756485283	off-target
Tsai_VEGFA_site3	GGTGAGTGAGTGTGTGCGTGTGG	0.106559524849	on-target
Tsai_VEGFA_site3	TGTGGGTGAGTGTGTGCGTGAGG	0.0960782601101	off-target
Tsai_VEGFA_site3	GCTGAGTGAGTGTATGCGTGTGG	0.0872128570181	off-target
Tsai_VEGFA_site3	GGTGAGTGAGTGCGTGCGGGTGG	0.067036422395	off-target
Tsai_VEGFA_site3	GTTGAGTGAATGTGTGCGTGAGG	0.0627565726264	off-target
Tsai_VEGFA_site3	AGTGAATGAGTGTGTGTGTGTGG	0.057428596384	off-target
Tsai_VEGFA_site3	TGTGAGTAAGTGTGTGTGTGTGG	0.051096165604	off-target
Tsai_VEGFA_site3	ACTGTGTGAGTGTGTGCGTGAGG	0.0347628613853	off-target
Tsai_VEGFA_site3	AGCGAGTGGGTGTGTGCGTGGGG	0.0345008297668	off-target
Tsai_VEGFA_site3	AGTGTGTGAGTGTGTGCGTGTGG	0.0299589483798	off-target
Tsai_VEGFA_site3	TGTGGGTGAGTGTGTGCGTGAGA	0.028081055114	off-target
Tsai_VEGFA_site3	CGCGAGTGAGTGTGTGCGCGGGG	0.00938946632894	off-target
Tsai_VEGFA_site3	GGTGAGTGAGTGTGTGTGTGAGG	0.00869071534632	off-target
Tsai_VEGFA_site3	CTGGAGTGAGTGTGTGTGTGTGG	0.00842868372784	off-target
Tsai_VEGFA_site3	AGCGAGTGAGTGTGTGTGTGGGG	0.00650711852564	off-target
Tsai_VEGFA_site3	GGTGAGTCAGTGTGTGAGTGAGG	0.00532797624247	off-target
Tsai_VEGFA_site3	GGTGTGTGAGTGTGTGTGTGTGG	0.00502227268757	off-target
Tsai_VEGFA_site3	TGTGAGTGAGTGTGTGTGTGTGA	0.00484758494192	off-target
Tsai_VEGFA_site3	TGTGAGTGAGTGTGTGTATGGGG	0.00449820945061	off-target
Tsai_VEGFA_site3	AGTGAGTGAGTGAGTGAGTGAGG	0.00423617783213	off-target
Tsai_VEGFA_site3	TGTGGGTGAGCATGTGCGTGAGG	0.00362477072233	off-target
Tsai_VEGFA_site3	GTAGAGTGAGTGTGTGTGTGTGG	0.00358109878592	off-target
Tsai_VEGFA_site3	GGTGGATGAGTGTGTGTGTGGGG	0.00266398812123	off-target
Tsai_VEGFA_site3	TGTGAGTGAGTGTGTGCGTGTGA	0.00218359682068	off-target
Tsai_VEGFA_site3	CATGAGTGAGTGTGTGGGTGGGG	0.00196523713861	off-target
Tsai_VEGFA_site3	AGTGAGTATGTGTGTGTGTGGGG	0.00179054939296	off-target
Tsai_VEGFA_site3	GATGAGTGAGTGAGTGAGTGGGG	0.00161586164731	off-target
Tsai_VEGFA_site3	TGTGAGTGAGTGTGTGTGTGTGA	0.00161586164731	off-target
Tsai_VEGFA_site3	GGAGAGTGAGTGTGTGTGTGAGA	0.00152851777448	off-target
Tsai_VEGFA_site3	GGTGAGTAAGTGTGAGCGTAAGG	0.00144117390165	off-target
Tsai_VEGFA_site3	GGTGAGTGTGTGTGTGCATGTGG	0.00144117390165	off-target
Tsai_VEGFA_site3	AGTGAGTGAGTGAGTGAGTGGGG	0.00139750196524	off-target
Tsai_VEGFA_site3	GATGAGTGTGTGTGTGTGTGAGG	0.001266486156	off-target
Tsai_VEGFA_site3	GGTGAATGAGTGTGTGCTCTGGG	0.00113547034676	off-target
Tsai_VEGFA_site3	AGGGAGTGACTGTGTGCGTGTGG	0.00104812647393	off-target
Wang_WAS-CR4	TGGATGGAGGAATGAGGAGTTGG	0.082	on-target
Wang_WAS-CR4	GGGAGGGAGGAATGAGGAGTGGG	0.0714	off-target
Wang_WAS-CR4	GGGATGGAGGGATGAGGAGTGGG	0.0646	off-target
Wang_WAS-CR4	TGGATGGAGGGATGAGGAGTGGG	0.0627	off-target
Wang_WAS-CR4	AGGAGGGAGGAATGGGGAGTTGG	0.0333	off-target
Wang_WAS-CR4	CGGACGGAGGAATGGGGAGTGGG	0.0124	off-target
Wang_WAS-CR4	GAGGATGGGGAATGAGGAGTAGG	0.0118	off-target
Wang_WAS-CR4	TGGATGGAAGAATGAGGGGTGGG	0.006	off-target
Wang_WAS-CR4	ACGATGGAGGAATGAGGACTTGG	0.0058	off-target
Wang_WAS-CR4	GCGATGGAGGAATGAAGAGTTGG	0.004	off-target
Wang_WAS-CR4	TCCATGGAGGAATGAGGAGAGGG	0.0027	off-target
Wang_WAS-CR5	CCCTGTGTCTCTGGATGGATGGG	0.09	on-target
Wang_WAS-CR5	CCCTGTGTCTCTGGGTGGAAGAG	0.0051	off-target
