guide	off-target	mismatch	diffLocs	offtScore	Frock	Kim/Hap1	Kim/K562	Tsai	mitPredicted
GGGTGGGGGGAGTTTGCTCCTGG	GGGTGGGGGGAGTTTGCCCCAGG	1	.................*..	19.6	0.0418237330923	0.0036	0.00168	0.0225033890646	False
GGGTGGGGGGAGTTTGCTCCTGG	GGATGGAGGGAGTTTGCTCCTGG	2	..*...*.............	4.04915253165	0.150289115936	0.05456	0.02824	0.29254405784	True
GGGTGGGGGGAGTTTGCTCCTGG	GCGTGGGGGGTGTTTGCTCCCGG	2	.*........*.........	4.46822033898	0.0164855783172	0.00015	8e-05	0.0222322638952	False
GGGTGGGGGGAGTTTGCTCCTGG	GGGAGGGTGGAGTTTGCTCCTGG	2	...*...*............	6.01265822785	0.0616354239514	0.00021	0.00011	0.0539539087212	True
GGGTGGGGGGAGTTTGCTCCTGG	GGGTGGGTGGAGTTTGCTACTGG	2	.......*..........*.	2.93382352941	0.00887816193904	notFound	notFound	notFound	False
GGGTGGGGGGAGTTTGCTCCTGG	CGGGGGAGGGAGTTTGCTCCTGG	3	*..*..*.............	1.73721552878	0.0563136438842	0.00031	8e-05	0.0338906461817	True
GGGTGGGGGGAGTTTGCTCCTGG	GGGGAGGGGAAGTTTGCTCCTGG	3	...**....*..........	2.34257028112	0.116149555665	0.00151	0.00011	0.0740171712607	False
GGGTGGGGGGAGTTTGCTCCTGG	GAGTGGGTGGAGTTTGCTACAGG	3	.*.....*..........*.	1.05555555556	0.0103365343613	notFound	notFound	0.00216900135563	True
GGGTGGGGGGAGTTTGCTCCTGG	GGGAGGGGGCAGGTTGCTCCAGG	3	...*.....*..*.......	0.95247721519	0.00220035137394	notFound	notFound	notFound	True
GGGTGGGGGGAGTTTGCTCCTGG	GGTTGAGGGGAGTCTGCTCCAGG	3	..*..*.......*......	0.250189100741	0.010063622563	notFound	notFound	0.000542250338906	False
GGGTGGGGGGAGTTTGCTCCTGG	GGGAGGGGAGAGTTTGTTCCAGG	3	...*....*.......*...	0.699446791862	0.00288263086974	notFound	notFound	notFound	True
GGGTGGGGGGAGTTTGCTCCTGG	GGGGGTGGGGACTTTGCTCCAGG	3	...*.*.....*........	0.795434599156	0.00737714704829	notFound	notFound	notFound	True
GGGTGGGGGGAGTTTGCTCCTGG	GGGCAAGGGGAGGTTGCTCCTGG	4	...***......*.......	0.334982304217	0.0133300356491	notFound	notFound	0.00126525079078	True
GGGTGGGGGGAGTTTGCTCCTGG	AGCTGGAGGGAGTTTGCCCCAGG	4	*.*...*..........*..	0.208990259333	0.00428983232981	notFound	notFound	notFound	False
GGGTGGGGGGAGTTTGCTCCTGG	GGTGGGGGTGGGTTTGCTCCTGG	4	..**....*.*.........	0.4563788125	0.0135261910041	notFound	notFound	0.00451875282422	False
GGGTGGGGGGAGTTTGCTCCTGG	AGGTGGTGGGAGCTTGTTCCTGG	4	*.....*.....*...*...	0.16112567625	0.0128950824705	notFound	notFound	0.00144600090375	False
GGGTGGGGGGAGTTTGCTCCTGG	GGGGGCGGGGAGGTTGCCCCGGG	4	...*.*......*....*..	0.0689809129747	0.00129633104201	notFound	notFound	notFound	True
GGGTGGGGGGAGTTTGCTCCTGG	GAGGGTGGGGAGTTTACTCCTGG	4	.*.*.*.........*....	0.156419303797	0.00402544902519	notFound	notFound	0.0103931314957	True
GGGTGGGGGGAGTTTGCTCCTGG	AGGTCGGGGGAGTTAGATCCCGG	4	*...*.........*.*...	0.163368333333	0.00312142869326	notFound	notFound	notFound	True
GGGTGGGGGGAGTTTGCTCCTGG	AAATGGGGGGAGTTTGCCCCCCG	4	***..............*..	0.305988666667	0.00129633104201	notFound	notFound	notFound	False
GGGTGGGGGGAGTTTGCTCCTGG	GAGGGGGAGCAGTTTGCTCCAGG	4	.*.*...*.*..........	1.25711206897	0.0285448684053	notFound	notFound	0.00424762765477	True
GGGTGGGGGGAGTTTGCTCCTGG	GTGGGGGTAGAGTTTGCTCCAGG	4	.*.*...**...........	0.833979885057	0.0330052706091	notFound	notFound	0.0217803886127	True
GGGTGGGGGGAGTTTGCTCCTGG	GGGGAGGGGGAGGGTGCTCCAGG	4	...**.......**......	0.0824997740964	0.00295938731301	notFound	notFound	notFound	False
GGGTGGGGGGAGTTTGCTCCTGG	GGAGGAGGGGAGTCTGCTCCAGG	4	..**.*.......*......	0.127166899849	0.0119569481638	notFound	notFound	0.0052417532761	False
GGGTGGGGGGAGTTTGCTCCTGG	TAGTGGAGGGAGCTTGCTCCTGG	4	**....*.....*.......	0.397317958861	0.141470653453	0.00387	0.0016	0.174875734297	True
GGGTGGGGGGAGTTTGCTCCTGG	AGGTAGGAGAAGCTTGCTCCTGA	5	*...*..*.*..*.......	0.326366891566	0.00208948095587	notFound	notFound	notFound	False
GGGTGGGGGGAGTTTGCTCCTGG	AAGTGGGAAGAGTTTGTTCCAGG	5	**.....**.......*...	0.226302025316	0.00252443413444	notFound	notFound	notFound	False
GGGTGGGGGGAGTTTGCTCCTGG	CTGGTGGGGGAGCTTGCTCCAGG	5	**.**.......*.......	0.354361445783	0.0153854026302	notFound	notFound	0.0292815183009	False
GGGTGGGGGGAGTTTGCTCCTGG	AAGTAAGGGAAGTTTGCTCCTGG	5	**..**...*..........	0.486753793103	0.00521090964914	notFound	notFound	0.000451875282422	False
GGGTGGGGGGAGTTTGCTCCTGG	AGCTGAGGGGAGCTTGCTCTGGG	5	*.*..*......*......*	0.0926116902547	0.0104985757416	notFound	notFound	notFound	False
GGGTGGGGGGAGTTTGCTCCTGG	AGGGAGGAGGAATTTGCTCCAGG	5	*..**..*...*........	0.429793103448	0.00849437972265	notFound	notFound	notFound	False
GGGTGGGGGGAGTTTGCTCCTGG	GGTGGGGGAGAGCTAGCTCCGGG	5	..**....*...*.*.....	0.0572136143318	0.00205536698108	notFound	notFound	0.000994125621329	False
GGGTGGGGGGAGTTTGCTCCTGG	AAGTGGGAGGAGACTGCTCCAGG	5	**.....*....**......	0.0527998554217	0.00153512886554	notFound	notFound	notFound	False
GGGTGGGGGGAGTTTGCTCCTGG	AGGAAGGAGGAGTTAGCTCCTGG	5	*..**..*......*.....	0.245397590361	0.00470772852099	notFound	notFound	0.000361500225938	False
GGGTGGGGGGAGTTTGCTCCTGG	GGGCAGAGGGAGTTAGCACCGGG	5	...**.*.......*..*..	0.0328508846265	0.00678015248947	notFound	notFound	notFound	False
GGGTGGGGGGAGTTTGCTCCTGG	GGGTGAGGGGAATAAACTCCAGG	5	.....*.....*.***....	0.00178592956341	0.00324082760503	notFound	notFound	notFound	False
GGGTGGGGGGAGTTTGCTCCTGG	CCCGGGGGGAAGCTTGCTCCAGG	6	****.....*..*.......	0.21319615	notFound	0.00021	0.0001	notFound	False
