guide	off-target	mismatch	diffLocs	offtScore	Frock	Hsu	Kim16	Tsai	mitPredicted
GAGTCCGAGCAGAAGAAGAAGGG	GAGTCCTAGCAGGAGAAGAAGAG	2	......*.....*.......	1.76834471831	0.0274066748244	0.077820488	notFound	0.0353741496599	True
GAGTCCGAGCAGAAGAAGAAGGG	GAGTTAGAGCAGAAGAAGAAAGG	2	....**..............	3.15796703297	0.201367819367	notTested	notFound	0.283265306122	False
GAGTCCGAGCAGAAGAAGAAGGG	GAGTCTAAGCAGAAGAAGAAGAG	2	.....**.............	2.15689148352	0.317464840673	0.180153317	notFound	0.131065759637	True
GAGTCCGAGCAGAAGAAGAAGGG	ACGTCTGAGCAGAAGAAGAATGG	3	**...*..............	1.4680715198	0.00224617396114	0.001718713	notFound	0.00344671201814	True
GAGTCCGAGCAGAAGAAGAAGGG	AAGTCAGAGGAGAAGAAGAAGGG	3	*....*...*..........	1.48901476793	notFound	0.000323472	0.0047	notFound	False
GAGTCCGAGCAGAAGAAGAAGGG	AAGTCTGAGCACAAGAAGAATGG	3	*....*.....*........	0.837857777778	0.0778114890122	notTested	notFound	0.0234013605442	True
GAGTCCGAGCAGAAGAAGAAGGG	GAGTAGGAGCAGGAGAAGAAGGA	3	....**......*.......	0.62567721519	0.00181034916271	notTested	notFound	0.000634920634921	False
GAGTCCGAGCAGAAGAAGAAGGG	GAGTCCAAGCAGTAGAGGAAGGG	3	......*.....*...*...	0.286445646667	notFound	0.001466994	notFound	notFound	False
GAGTCCGAGCAGAAGAAGAAGGG	AAGTCCGAGGAGAGGAAGAAAGG	3	*........*...*......	0.408036150235	0.0019109241162	0.00349731	notFound	0.00925170068027	True
GAGTCCGAGCAGAAGAAGAAGGG	GAGGCCGAGCAGAAGAAAGACGG	3	...*.............**.	0.194537313433	0.0508071140017	0.0245892	notFound	0.0634920634921	True
GAGTCCGAGCAGAAGAAGAAGGG	GAATCCAAGCAGGAGAAGAAGGA	3	..*...*.....*.......	0.733598461333	notFound	notTested	notFound	0.00607709750567	False
GAGTCCGAGCAGAAGAAGAAGGG	GAGTCCGGGAAGGAGAAGAAAGG	3	.......*.*..*.......	0.864893103448	0.0135943812126	notTested	notFound	0.0195918367347	True
GAGTCCGAGCAGAAGAAGAAGGG	GAGCCGGAGCAGAAGAAGGAGGG	3	...*.*............*.	0.600485074627	0.0104095076856	notTested	notFound	0.012970521542	True
GAGTCCGAGCAGAAGAAGAAGGG	GAATCCAAGCAGAAGAAGAGAAG	3	..*...*............*	0.941031617989	0.00997368288717	0.000147156	0.0013	notFound	True
GAGTCCGAGCAGAAGAAGAAGGG	AAGTCAGAGCAGAAAAAGAGAGG	4	*....*........*....*	0.113084086268	0.00906850830581	notTested	notFound	notFound	False
GAGTCCGAGCAGAAGAAGAAGGG	AAGCCCGAGCAAAGGAAGAAAGG	4	*..*.......*.*......	0.110193987342	0.0477395779204	notTested	notFound	notFound	True
