Gene name 	sgRNA	Sequence	PAM	In-vitro Efficacy %	Total nb of pup obtained	Nb of mutants	In-vivo efficacy %	Comments
NA	NA#5.2	GTAGAAATAGCAGTATGGCT	AGG	ND	10	5	50.0	Use as a pair (5' & 3')
NA	NA#3.1	GTTTACTTTAGCGCTGAGAC	AGG	ND	10	5	50.0	
NA	NA#5.4	GCTGTGGGTTGCTGATTGCA	GGG	ND	13	8	61.5	Use as a pair (5' & 3')
NA	NA#3.2	CTTCTCTCACACATAGCCAA	AGG	ND	13	8	61.5	
NA	NA#1	CCGGGCAGGCAAGACGCGCC	TGG	63	13	3	23.1	/
NA	NA#12	TGGAAGCTGGTCCCCCACAT	TGG	ND	7	5	71.4	/
NA	NA#1	AAGTCATATTCAGGGCGCGC	AGG	ND	15	5	33.3	/
NA	NA#1.2	GGGACGGTGTTCTCCCTAGC	TGG	15	16	0	0.0	Use as a pair (5' & 3')
NA	NA#2.2	GTGCTGGGGTACAGGTGCGC	AGG	65	16	2	12.5	
NA	NA#1.5	CCAGGATAGGATAGTACAGC	CGG	58	/	/	#VALUE!	/
NA	NA#2.8	ACAGGAGGATCAGTAATTTG	AGG	64	/	/	#VALUE!	/
NA	NA	GGCTTCCGGGGCGCCCTCGC	AGG	ND	8	3	37.5	/
NA	NA#5.1	TCACAACTGTGAGCCGATAA	TGG	ND	11	2	18.2	Use as a pair (5' & 3')
NA	NA#3.2	GGGTCACCCTTAAGTGGAGA	TGG	ND	11	1	9.1	
NA	NA	CTCGTAGATGTTAGTACTGT	AGG	85	/	/	#VALUE!	/
NA	NA	AGACAAATGCCTGTCCTGCG	TGG	88	/	/	#VALUE!	/
NA	NA#26	CTGGGGGCGGGGCTCACTGG	AGG	36	/	/	#VALUE!	/
NA	NA	TTGTAGGTACTAGTGAACAT	CGG	82	/	/	#VALUE!	/
NA	NA	TGTAGGTACTAGTGAACATC	GGG	56	/	/	#VALUE!	/
NA	NA#5.1	AAAACCTATCACTGGCCTTT	TGG	ND	5	2	40.0	Use as a pair (5' & 3')
NA	NA#3.4	AAGGTCCGCATTAAAGAAAG	GGG	ND	5	2	40.0	
NA	NA#2	GCTTTGTAGGTGGGGTGACT	CGG	0	13	1	7.7	/
NA	NA#5	ATAATGTTTGAACTGACTGG	TGG	66	/	/	#VALUE!	/
NA	NA#6	GTTTGAACTGACTGGTGGCC	TGG	41	/	/	#VALUE!	/
NA	NA#5.3	TCCAAGTGATCTAGGTGCCA	AGG	ND	7	0	0.0	/
NA	NA	AGTGTGTGAGGCGCCAGCTG	TGG	ND	10	6	60.0	/
NA	NA	AGTTTCCTCCATGCAAACAG	GGG	91	/	/	#VALUE!	/
NA	NA	CTTATGGTGTGCCTGTCTCT	CGG	97	/	/	#VALUE!	/
NA	NA#5.4	TGCAAACATCAAATCATTGA	TGG	ND	17	7	41.2	Use as a pair (5' & 3')
NA	NA#3.3	GGGGGATCTAGGAAGCTTTA	GGG	ND	17	7	41.2	
NA	NA	CCTTCTTGTTGCACAAGTTA	AGG	ND	5	1	20.0	Use as a pair (5' & 3')
NA	NA	TAATAAGGATCTTAGGAGCC	AGG	ND	5	0	0.0	
NA	NA	CCCATGAATAGTTTCTCTGT	AGG	ND	10	2	20.0	Use as a pair (5' & 3')
NA	NA	TTCAAATTAGAACTTTAGTC	TGG	ND	10	1	10.0	
NA	NA	tacCTCTGCCACACGGTGAG	TGG	ND	27	12	44.4	/
NA	NA#1	TAATCAATACGATGCCTT	AGG	80	15	2	13.3	shorter guide (18nt)
NA	NA#2	AGCGTCTAGTGAGAATTTGT	AGG	43	/	/	#VALUE!	/
NA	NA#20	GTGCCAGACACTCACTGGCA	AGG	0	/	/	#VALUE!	/
NA	NA#3	GAGTTGGAACATCCAGGCCC	TGG	36	62	27	43.5	/
NA	NA#5.1	TGTGACCTGCCAGCATTGAC	AGG	ND	12	9	75.0	Use as a pair (5' & 3')
NA	NA#3.1	CTAACACAGTATAGCTATAA	CGG	ND	12	9	75.0	
NA	NA#5.1	GGCAGTCGTGTTCACCGCAC	AGG	ND	21	10	47.6	Use as a pair (5' & 3')
NA	NA.1	GAGGTATTCAGAAAGAGTTC	AGG	ND	21	6	28.6	
NA	NA	CTCGTGTTGAAAGAAAACTT	AGG	88	/	/	#VALUE!	/
NA	NA	CATTGGTACAGTAGAAACTG	TGG	90	/	/	#VALUE!	/
NA	NA#5.4	GATCAGTCTTTGCCTACCTA	AGG	ND	12	2	16.7	Use as a pair (5' & 3')
	NA#3.3	GCTGTCGTCCCTCTCACCAA	AGG	ND	12	7	58.3	
NA	NA#3	GGATGTACTGGTATCCGAGC	TGG	ND	6	6	100.0	/
NA	NA#1	CCTCTCTCGAGTACGGTACC	TGG	3	7	1	14.3	/
NA	NA.1	AGCGCGCGTTGTCCTCGTTC	AGG	ND	5	4	80.0	/
NA	NA#2	CGTGCTGCACCGGCGCGCAA	CGG	ND	10	1	10.0	/
NA	NA 1 Ambion	TTCTCTACAAGATACAGCGG	AGG	9	/	/	#VALUE!	/
	NA#4	TCGTTCTCTACAAGATACAG	CGG	55	22	7	31.8	/
NA	NA	CTGCAGTCGGCCGAAGCTGA	AGG	54	/	/	#VALUE!	/
	NA	TCAAGTTCTTCCTTCAGCTT	CGG	87	/	/	#VALUE!	/
NA	NA	ACTTTAGGATCTACTACAGG	AGG	87	9	0	0.0	Use as a pair (5' & 3')
	NA	GAGCTGGGTTAGGGTCTCTT	TGG	94	9	5	55.6	
NA	NA#1	ACTCTGTATCTCCGAGTTCG	TGG	95	5	0	0.0	/
	NA	GGAGATACAGAGTATTGAAC	TGG	40	/	/	#VALUE!	/
	NA#2	GCCGTCCATCCCCACGAACT	CGG	0	/	/	#VALUE!	/
NA	NA#2	GGTGGGTGAAAGCCATGCGT	GGG	ND	15	9	60.0	/
NA	NA#5.1	GTGACTGGTATCTAATACAG	TGG	ND	3	2	66.7	Use as a pair (5' & 3')
	NA#3.1	GTAACAAGACTGATAATACT	TGG	ND	3	2	66.7	
NA	NA#1	TGATGCCGTGATTGTCAAGC	TGG	39	22	0	0.0	/
NA	NA#2	TACTCTGGTGATGAATGCCG	CGG	94	22	13	59.1	/
NA	NA#2	ACACACAGTGCAAGCGTGTA	GGG	17	28	5	17.9	/
	NA#7	GCGTGTAGGGACACAGTGCT	GGG	0	/	/	#VALUE!	/
	NA#1	GACACACAGTGCAAGCGTGT	AGG	44	/	/	#VALUE!	/
	NA#3	ACAGTACTATGCCTACCTCA	CGG	19	/	/	#VALUE!	/
NA	NA	AGTGCAGTAGTCTGCACGGT	TGG	47	/	/	#VALUE!	/
	NA	TAGTCTGCACGGTTGGAGAA	GGG	34	/	/	#VALUE!	/
NA 	NA#1	CCTCGTCCTGTACTCTTGGC	TGG	0	6	0	0.0	/
	NA#5	CTCTCCTCGTCCTGTACTCT	TGG	0	/	/	#VALUE!	/
	NA#8	AGAAACTTCTAGAGCCAAAA	TGG	0	/	/	#VALUE!	/
	NA#9	GAATGTTAGAAATTACTGTG	TGG	70	/	/	#VALUE!	/
NA	NA#5.1	GGCCTAATCTAACCTCCTGT	GGG	ND	10	5	50.0	Use as a pair (5' & 3')
	NA#3.1	TATGGGATCAACGTCTTTTG	TGG	ND	10	4	40.0	
NA	NA#1	TTAGCTGCGAGTCTTCAAGT	TGG	82	21	6	28.6	/
NA	NA#3.1	GTAGAAAGTGTAGCCGGGCG	TGG	49	10	0	0.0	Use as a pair (5' & 3')
	NA#5.1	ATCGCAGAGTAGTCCATTCG	GGG	41	10	4	40.0	
	NA#3.2	CTTTAATCCCAACACTCGGG	AGG	54	/	/	#VALUE!	/
	NA#5.2	GTATCGCAGAGTAGTCCATT	CGG	29	/	/	#VALUE!	/
NA	NA	CCAGCTACCGACATCCTCTC	TGG	ND	11	8	72.7	/
NA	NA#5.1	GTTCTACTGCATTTGCCACG	AGG	ND	3	0	0.0	/
NA	NA	TTGAGGGGGGAGACTGTTAC	AGG	67	/	/	#VALUE!	/
	NA	GGGGGAGACTGTTACAGGCT	AGG	59	/	/	#VALUE!	/
	NA	CCGTGGATGATATAGTTTAC	AGG	0	/	/	#VALUE!	/
	NA	CCTGTAAACTATATCATCCA	CGG	85	/	/	#VALUE!	/
NA	NA#12	GGCAGCGTTGCAGAGCAGTT	GGG	ND	5	3	60.0	/
NA	NA KRK>AAA_#10	TGCTTTGTTTAGATAACAAA	AGG	85	/	/	#VALUE!	/
NA	NA#27	GTAAATACAGTTCAGAGATG	AGG	ND	61	11	18.0	/
NA	NA#5.3	CAGGTGCACGAATATCTCAA	AGG	ND	4	0	0.0	/
NA	NA#5	GCCTACGTGGGGATGAGTGA	CGG	ND	6	2	33.3	/
NA	NA#5.4	TGGCGCGTAGGCAAGTCTGT	AGG	ND	4	3	75.0	Use as a pair (5' & 3')
	NA#3.2	TCAGTGAGTGAGGCACCTAC	AGG	ND	4	3	75.0	
NA	NA#5.1	AAAACATCGGGGCGCCCGGG	GGG	ND	11	4	36.4	/
NA	NA	CCGTGGTGGCACCATCTCTG	TGG	ND	12	2	16.7	/
NA	NA#13	ACCATTATCCTAGGACAGAT	GGG	58	43	16	37.2	/
	NA#3	TTCACTCAGACCATTATCCT	AGG	5	9	0	0.0	/
